statistic,observed,replicates,finite_replicates,confidence,method,available,lcb,ucb,central_low,central_high,bootstrap_mean,bootstrap_sd
matched_C0_gram,0.018542239518224063,4000,4000,0.95,one-sided centered/basic bootstrap,True,-0.0060773230897905595,0.022140684439420695,-0.009966223795920978,0.023218673209798913,0.02701347062505188,0.008679088377366199
matched_C0_output,0.026807859360589943,4000,4000,0.95,one-sided centered/basic bootstrap,True,-0.014335394311634983,0.035998019195035084,-0.021045012749487932,0.03908947350939483,0.03973403913358541,0.015710239869627295
matched_C0_loss,0.045539189123477715,4000,4000,0.95,one-sided centered/basic bootstrap,True,-0.029885090117726408,0.08138451818066199,-0.04435408562793982,0.08416672438662964,0.05453486487889703,0.03536192891508425
matched_C1_gram,0.011955813398056837,4000,4000,0.95,one-sided centered/basic bootstrap,True,-0.005904558839644188,0.011897471305599407,-0.008593938858086916,0.012752970830134928,0.019538025210248083,0.005549234097871217
matched_C1_output,0.02805764740091827,4000,4000,0.95,one-sided centered/basic bootstrap,True,-0.012435607577528637,0.039147731186865715,-0.019072617325643512,0.042067866558678245,0.04011678966820567,0.016026569140130148
matched_C1_loss,0.04767927411218005,4000,4000,0.95,one-sided centered/basic bootstrap,True,-0.026988532444792004,0.08644431758063134,-0.04102178746133228,0.08882852727327406,0.05497124266457896,0.036019664449691846
matched_C2_gram,0.010949194306115,4000,4000,0.95,one-sided centered/basic bootstrap,True,-0.004118364245847168,0.01089526168668982,-0.006254582948634169,0.01164095699489237,0.01748238782776049,0.004637134924405459
matched_C2_output,0.029171997737262315,4000,4000,0.95,one-sided centered/basic bootstrap,True,-0.011012799048008889,0.04176262273729188,-0.017749687408806666,0.04487778225290928,0.04062348410266876,0.016347483651688026
matched_C2_loss,0.049884321883767714,4000,4000,0.95,one-sided centered/basic bootstrap,True,-0.023929018333431855,0.09153879244653156,-0.03823080138444875,0.09374958829901808,0.05589715022104529,0.03664334724986385
matched_C4_gram,0.011803705834455962,4000,4000,0.95,one-sided centered/basic bootstrap,True,-0.0011349893192681877,0.013424222024531668,-0.003176940589721719,0.014249494202112753,0.01647574968199231,0.004517721967573587
matched_C4_output,0.030120424711309362,4000,4000,0.95,one-sided centered/basic bootstrap,True,-0.010019867630334401,0.04356351174555847,-0.016606008915220172,0.046835699424237626,0.04118690559307852,0.016608231349262956
matched_C4_loss,0.05190796082141655,4000,4000,0.95,one-sided centered/basic bootstrap,True,-0.021204135196944057,0.09618989766177306,-0.03576682857296301,0.09835473130144676,0.057004005582562786,0.037218529242486774
matched_L2_gram,0.009902730048879683,4000,4000,0.95,one-sided centered/basic bootstrap,True,-0.004719528408417526,0.00965464956007161,-0.007006223884907431,0.010487199825112875,0.016310171946591786,0.004579395143848696
matched_L2_output,0.0290988686282293,4000,4000,0.95,one-sided centered/basic bootstrap,True,-0.011685380700053486,0.04127912789028025,-0.018118342011001324,0.04459285796430451,0.040782887072939235,0.016376985752771196
matched_L2_loss,0.05015527610893558,4000,4000,0.95,one-sided centered/basic bootstrap,True,-0.02413458167306924,0.09193523336522101,-0.03897196154643115,0.0943841901155048,0.05630637147177896,0.03692842485817966
dense_separation_C1_C0_gram,0.22440071205430925,4000,4000,0.95,one-sided centered/basic bootstrap,True,0.2165019708185009,0.23529297408972835,0.21519446028006717,0.23764974955461954,0.22348595282790631,0.005668707485472349
dense_separation_C1_C0_output,0.07537017281403212,4000,4000,0.95,one-sided centered/basic bootstrap,True,0.07236054114681414,0.07930196571784319,0.07200812191629849,0.07999890947491135,0.07524066618256127,0.002145812613648981
dense_separation_C1_C0_loss,0.05815091270184018,4000,4000,0.95,one-sided centered/basic bootstrap,True,0.05517467026504009,0.062326291472303195,0.05473851671050059,0.06320241669883504,0.05790934984263826,0.0022261014867181695
dense_separation_C2_C0_gram,0.36384990211428603,4000,4000,0.95,one-sided centered/basic bootstrap,True,0.35271130118926003,0.3801089142375025,0.3504430772841986,0.38361748677145935,0.36242379555737736,0.008331812368805707
dense_separation_C2_C0_output,0.12707337136489757,4000,4000,0.95,one-sided centered/basic bootstrap,True,0.122405949092174,0.13331611145165473,0.12192418639702787,0.13443710996798855,0.12690128776280155,0.0033928223160775046
dense_separation_C2_C0_loss,0.09890924357772858,4000,4000,0.95,one-sided centered/basic bootstrap,True,0.0938149074682686,0.10595211720603001,0.09295633775762494,0.10755686763714091,0.09864807855284113,0.003781866169599004
dense_separation_C4_C0_gram,0.4582126660915761,4000,4000,0.95,one-sided centered/basic bootstrap,True,0.4461721910815945,0.4773192886727299,0.44368360892356956,0.4813192137362306,0.45634759303105055,0.009393844322775168
dense_separation_C4_C0_output,0.16569925758770426,4000,4000,0.95,one-sided centered/basic bootstrap,True,0.15997169755782426,0.17350416750054223,0.15940352629400886,0.1747733804838452,0.16557634717270325,0.004236949415831979
dense_separation_C4_C0_loss,0.13034855375131973,4000,4000,0.95,one-sided centered/basic bootstrap,True,0.12374228006107765,0.139764501257149,0.12276198773652897,0.1418379963708051,0.12997983951767567,0.005029688137438012
dense_separation_C2_L2_gram,0.03457978106657471,4000,4000,0.95,one-sided centered/basic bootstrap,True,0.0324514857384587,0.0366975268217507,0.03206831629851529,0.03705674883555311,0.03453534671001909,0.0012796616421709066
dense_separation_C2_L2_output,0.014598984558238765,4000,4000,0.95,one-sided centered/basic bootstrap,True,0.013260176092996543,0.015984654498060656,0.01302666990114917,0.016228154436157723,0.014598241697191565,0.0008284003070696723
dense_separation_C2_L2_loss,0.016044112552202956,4000,4000,0.95,one-sided centered/basic bootstrap,True,0.014286559311065938,0.017808924196268765,0.014024230084518124,0.01805929831450189,0.016037764378733263,0.001070635311440696
contrast_error_C2_C0_gram,0.01379183542262277,4000,4000,0.95,one-sided centered/basic bootstrap,True,-0.0040118029872489806,0.017786313266238866,-0.006915959479793546,0.01887553870629851,0.01873817090601372,0.0066601311669733905
contrast_error_C2_C0_output,0.00321885831549365,4000,4000,0.95,one-sided centered/basic bootstrap,True,-0.004054748069289644,0.002818653007159093,-0.005160229573251129,0.003152575469209733,0.0065706318882646315,0.0021497045363970883
contrast_error_C2_C0_loss,0.004913124123146345,4000,4000,0.95,one-sided centered/basic bootstrap,True,-0.002534722684285177,0.006444580090821125,-0.003941402747944333,0.007048427611581724,0.007302063565523599,0.002781096164213826
contrast_error_C4_C0_gram,0.015546444957127863,4000,4000,0.95,one-sided centered/basic bootstrap,True,-0.005563025753862437,0.02009540634913795,-0.009040838348270387,0.02122059937825129,0.021635397969696466,0.0077839738151278814
contrast_error_C4_C0_output,0.0042864010769747924,4000,4000,0.95,one-sided centered/basic bootstrap,True,-0.004671265891481075,0.0038481270481660673,-0.0059142819936999465,0.004257989577499502,0.008347869659815231,0.0026567929556361018
contrast_error_C4_C0_loss,0.006368771697938828,4000,4000,0.95,one-sided centered/basic bootstrap,True,-0.003529573065197254,0.008129564724310808,-0.005410609733258894,0.008971253320690667,0.009745534158176307,0.0036109492073654855
identity_margin_C2_gram,0.34195151350205605,4000,4000,0.95,one-sided centered/basic bootstrap,True,0.33709240790551953,0.3836203133281636,0.33457771003003395,0.3917535785484591,0.32745901990185633,0.014356147023295095
linear_null_margin_C2_gram,0.01815598960740221,4000,4000,0.95,one-sided centered/basic bootstrap,True,0.017920802418075418,0.04152373831493965,0.016392664132017846,0.045219183259541364,0.008311764968378356,0.007404320663267363
identity_margin_C2_output,0.06872937589037295,4000,4000,0.95,one-sided centered/basic bootstrap,True,0.04070750665312732,0.15403821982149238,0.034210963898085284,0.16858293574932331,0.04565431955746404,0.035321093415821216
linear_null_margin_C2_output,-0.02915901204765471,4000,4000,0.95,one-sided centered/basic bootstrap,True,-0.048368663823602664,0.03128249266988703,-0.052774879053608184,0.04155178615717582,-0.046336984456811565,0.02471790591008727
identity_margin_C2_loss,-0.0008594001898068471,4000,4000,0.95,one-sided centered/basic bootstrap,True,-0.08763069643563165,0.1531494207424261,-0.09164046192605477,0.1835316140795898,-0.013146221889249453,0.07664147591888631
linear_null_margin_C2_loss,-0.05878237027344862,4000,4000,0.95,one-sided centered/basic bootstrap,True,-0.12233699863791672,0.053486796420306744,-0.125754809286953,0.0753226153489435,-0.06780796095283469,0.05580280069449902
progress_separation_C2_C0_gram,0.27135875132413634,4000,4000,0.95,one-sided centered/basic bootstrap,True,0.25913758531276787,0.2837148994474563,0.2566367808763718,0.28618745933262546,0.271328240666835,0.007579036802208232
progress_contrast_error_C2_C0_gram,0.013381151604766234,4000,4000,0.95,one-sided centered/basic bootstrap,True,-0.004479979101055291,0.01728869868823996,-0.007416045010890646,0.01822470063160645,0.01918603675453027,0.0067105477600086436
progress_clock_margin_C2_gram,0.24459644811460388,4000,4000,0.95,one-sided centered/basic bootstrap,True,0.2401914267895482,0.27603437537873476,0.23851550446164288,0.28022778657875824,0.23295616715777442,0.010878528976124364
