tag,depth_index,depth,sample_r,sample_q,forward_h_gram,adjoint_q_gram,backprop_beta_gram
smooth_nonnormal,0,0.0,0,0,0.29177525602488924,2.6165582256812163,0.955968228671261
smooth_nonnormal,0,0.0,0,1,0.07630119096889945,3.2945669036815466,1.4420435757228256
smooth_nonnormal,0,0.0,0,2,-0.0954486722990463,2.86251913518468,1.3258134027890331
smooth_nonnormal,0,0.0,1,0,0.07630119096889945,3.2945669036815466,1.4420435757228256
smooth_nonnormal,0,0.0,1,1,0.1499513024396674,4.353842838441535,2.705712509078634
smooth_nonnormal,0,0.0,1,2,-0.02075898217764017,3.720916869290059,2.1602048164161456
smooth_nonnormal,0,0.0,2,0,-0.0954486722990463,2.86251913518468,1.3258134027890331
smooth_nonnormal,0,0.0,2,1,-0.02075898217764017,3.720916869290059,2.1602048164161456
smooth_nonnormal,0,0.0,2,2,0.21615515475068028,3.2780062432959856,2.1938400192351026
smooth_nonnormal,1,0.025,0,0,0.29900472784395293,2.5587413586157206,0.9085973149658493
smooth_nonnormal,1,0.025,0,1,0.07918298748660103,3.1925826037315,1.38563984251684
smooth_nonnormal,1,0.025,0,2,-0.10194099610931785,2.784836709170174,1.2720580934187848
smooth_nonnormal,1,0.025,1,0,0.07918298748660103,3.1925826037315,1.38563984251684
smooth_nonnormal,1,0.025,1,1,0.15081701071996523,4.175934968059992,2.687089476898239
smooth_nonnormal,1,0.025,1,2,-0.02228225165259726,3.584195338249103,2.1356629906191222
smooth_nonnormal,1,0.025,2,0,-0.10194099610931785,2.784836709170174,1.2720580934187848
smooth_nonnormal,1,0.025,2,1,-0.02228225165259726,3.584195338249103,2.1356629906191222
smooth_nonnormal,1,0.025,2,2,0.22068925479405962,3.166413048665443,2.1851837028395322
smooth_nonnormal,2,0.05,0,0,0.30706182757387207,2.507683321244286,0.8780632791021977
smooth_nonnormal,2,0.05,0,1,0.08218524822029624,3.0999470806805385,1.3472045767990357
smooth_nonnormal,2,0.05,0,2,-0.10871206224272577,2.715473180088667,1.2175812205694407
smooth_nonnormal,2,0.05,1,0,0.08218524822029624,3.0999470806805385,1.3472045767990357
smooth_nonnormal,2,0.05,1,1,0.15193636555101295,4.01085501701963,2.6739251127376136
smooth_nonnormal,2,0.05,1,2,-0.023909991687645505,3.4583985008025917,2.131561512583042
smooth_nonnormal,2,0.05,2,0,-0.10871206224272577,2.715473180088667,1.2175812205694407
smooth_nonnormal,2,0.05,2,1,-0.023909991687645505,3.4583985008025917,2.131561512583042
smooth_nonnormal,2,0.05,2,2,0.22499442192343969,3.064710518419215,2.184596608557831
smooth_nonnormal,3,0.075,0,0,0.31583582135812777,2.461783089389584,0.8589197717016579
smooth_nonnormal,3,0.075,0,1,0.08528083334455831,3.0157249034668485,1.3197048901311865
smooth_nonnormal,3,0.075,0,2,-0.11587762515312389,2.652299071760815,1.1627658126362033
smooth_nonnormal,3,0.075,1,0,0.08528083334455831,3.0157249034668485,1.3197048901311865
smooth_nonnormal,3,0.075,1,1,0.1532075150149067,3.858841573196715,2.6599814798135677
smooth_nonnormal,3,0.075,1,2,-0.025796690122406388,3.3419054451779147,2.1295329247202193
smooth_nonnormal,3,0.075,2,0,-0.11587762515312389,2.652299071760815,1.1627658126362033
smooth_nonnormal,3,0.075,2,1,-0.025796690122406388,3.3419054451779147,2.1295329247202193
smooth_nonnormal,3,0.075,2,2,0.22920950289165812,2.9701410297411033,2.161177283081676
smooth_nonnormal,4,0.1,0,0,0.3250856114539185,2.419259931866704,0.8479055214889132
smooth_nonnormal,4,0.1,0,1,0.08841993334614091,2.938228367077075,1.3028651606106891
smooth_nonnormal,4,0.1,0,2,-0.12345116552597392,2.59332692309321,1.1169661605024859
smooth_nonnormal,4,0.1,1,0,0.08841993334614091,2.938228367077075,1.3028651606106891
smooth_nonnormal,4,0.1,1,1,0.15451937928479473,3.718723282370807,2.643103802096582
smooth_nonnormal,4,0.1,1,2,-0.028006510108707527,3.2331215032357186,2.113538651268589
smooth_nonnormal,4,0.1,2,0,-0.12345116552597392,2.59332692309321,1.1169661605024859
smooth_nonnormal,4,0.1,2,1,-0.028006510108707527,3.2331215032357186,2.113538651268589
smooth_nonnormal,4,0.1,2,2,0.23358297118048252,2.8808898946312023,2.095476445418193
smooth_nonnormal,5,0.125,0,0,0.33447822641247793,2.378455013361391,0.8462463810705873
smooth_nonnormal,5,0.125,0,1,0.0915354155281497,2.8655888482183296,1.2998736168800282
smooth_nonnormal,5,0.125,0,2,-0.13131195999161432,2.5371346619836745,1.094350175320119
smooth_nonnormal,5,0.125,1,0,0.0915354155281497,2.8655888482183296,1.2998736168800282
smooth_nonnormal,5,0.125,1,1,0.15578068635692435,3.588943176429068,2.6199493624069015
smooth_nonnormal,5,0.125,1,2,-0.030483682430762632,3.131200496689079,2.0844302043214014
smooth_nonnormal,5,0.125,2,0,-0.13131195999161432,2.5371346619836745,1.094350175320119
smooth_nonnormal,5,0.125,2,1,-0.030483682430762632,3.131200496689079,2.0844302043214014
smooth_nonnormal,5,0.125,2,2,0.2383318131763499,2.796568773220141,2.0111317308983554
smooth_nonnormal,6,0.15,0,0,0.3436358448545535,2.338137956258806,0.8605887105236865
smooth_nonnormal,6,0.15,0,1,0.09454215268130374,2.7964083168859712,1.3143710561581223
smooth_nonnormal,6,0.15,0,2,-0.1392312676103172,2.483017169362166,1.1063604832955616
smooth_nonnormal,6,0.15,1,0,0.09454215268130374,2.7964083168859712,1.3143710561581223
smooth_nonnormal,6,0.15,1,1,0.15691487761346873,3.4685076597125732,2.5827043662256695
smooth_nonnormal,6,0.15,1,2,-0.03308756949163286,3.036107456751471,2.052544047527413
smooth_nonnormal,6,0.15,2,0,-0.1392312676103172,2.483017169362166,1.1063604832955616
smooth_nonnormal,6,0.15,2,1,-0.03308756949163286,3.036107456751471,2.052544047527413
smooth_nonnormal,6,0.15,2,2,0.24352585075664654,2.7177275333742568,1.9434315548198233
smooth_nonnormal,7,0.175,0,0,0.35216887311979633,2.297958721694456,0.8996932029010978
smooth_nonnormal,7,0.175,0,1,0.09733699018865867,2.730228811304984,1.3488339524309583
smooth_nonnormal,7,0.175,0,2,-0.14693922826763456,2.431095415640106,1.154596402755769
smooth_nonnormal,7,0.175,1,0,0.09733699018865867,2.730228811304984,1.3488339524309583
smooth_nonnormal,7,0.175,1,1,0.15784723783227353,3.3573105712002214,2.5296087565513905
smooth_nonnormal,7,0.175,1,2,-0.03566556429348365,2.9483949683630843,2.0232491116781053
smooth_nonnormal,7,0.175,2,0,-0.14693922826763456,2.431095415640106,1.154596402755769
smooth_nonnormal,7,0.175,2,1,-0.03566556429348365,2.9483949683630843,2.0232491116781053
smooth_nonnormal,7,0.175,2,2,0.24906898681843412,2.6453388362547865,1.9005411270174701
smooth_nonnormal,8,0.2,0,0,0.35976282622375116,2.258624401172391,0.9705606135550977
smooth_nonnormal,8,0.2,0,1,0.09980833852135544,2.6674719321887292,1.4001198510583104
smooth_nonnormal,8,0.2,0,2,-0.15421802077800942,2.3821919578534816,1.2251338327428944
smooth_nonnormal,8,0.2,1,0,0.09980833852135544,2.6674719321887292,1.4001198510583104
smooth_nonnormal,8,0.2,1,1,0.15851456354462987,3.255610500411985,2.4703809812784763
smooth_nonnormal,8,0.2,1,2,-0.0381156050714972,2.868770934865862,1.9917361128818982
smooth_nonnormal,8,0.2,2,0,-0.15421802077800942,2.3821919578534816,1.2251338327428944
smooth_nonnormal,8,0.2,2,1,-0.0381156050714972,2.868770934865862,1.9917361128818982
smooth_nonnormal,8,0.2,2,2,0.2547766361484987,2.580409388597626,1.8624180556641183
smooth_nonnormal,9,0.225,0,0,0.36631581792604434,2.2213272693956942,1.0606150770476932
smooth_nonnormal,9,0.225,0,1,0.10186680042054909,2.608863587345515,1.4500635934455088
smooth_nonnormal,9,0.225,0,2,-0.1609943373721284,2.337196025936541,1.2838252204610743
smooth_nonnormal,9,0.225,1,0,0.10186680042054909,2.608863587345515,1.4500635934455088
smooth_nonnormal,9,0.225,1,1,0.15887890683922554,3.163224790101926,2.4150177978278555
smooth_nonnormal,9,0.225,1,2,-0.040420401662840506,2.797426952584905,1.9487311078268335
smooth_nonnormal,9,0.225,2,0,-0.1609943373721284,2.337196025936541,1.2838252204610743
smooth_nonnormal,9,0.225,2,1,-0.040420401662840506,2.797426952584905,1.9487311078268335
smooth_nonnormal,9,0.225,2,2,0.26049710079845095,2.5233420838491543,1.804560218611594
smooth_nonnormal,10,0.25,0,0,0.37198041207310073,2.1868366186342487,1.1213661975412215
smooth_nonnormal,10,0.25,0,1,0.10349716350190712,2.5547311966382367,1.4706865530940127
smooth_nonnormal,10,0.25,0,2,-0.16737042766700735,2.2962202426246896,1.2940217526291777
smooth_nonnormal,10,0.25,1,0,0.10349716350190712,2.5547311966382367,1.4706865530940127
smooth_nonnormal,10,0.25,1,1,0.1589241247436033,3.079015982559836,2.363615207451089
smooth_nonnormal,10,0.25,1,2,-0.04265040513423743,2.733339406087333,1.8921165222672043
smooth_nonnormal,10,0.25,2,0,-0.16737042766700735,2.2962202426246896,1.2940217526291777
smooth_nonnormal,10,0.25,2,1,-0.04265040513423743,2.733339406087333,1.8921165222672043
smooth_nonnormal,10,0.25,2,2,0.26620392013396155,2.473101721353268,1.724478589233633
smooth_nonnormal,11,0.275,0,0,0.37710964786033546,2.1546404328551563,1.1239158737972088
smooth_nonnormal,11,0.275,0,1,0.10479418111592137,2.5043152007698706,1.455475967536585
smooth_nonnormal,11,0.275,0,2,-0.1735743385126786,2.2580069460072134,1.2563614574655217
smooth_nonnormal,11,0.275,1,0,0.10479418111592137,2.5043152007698706,1.455475967536585
smooth_nonnormal,11,0.275,1,1,0.1586570467918376,3.0008419645346898,2.3119876138224003
smooth_nonnormal,11,0.275,1,2,-0.04492715384570358,2.674073440316901,1.8298917299644533
smooth_nonnormal,11,0.275,2,0,-0.1735743385126786,2.2580069460072134,1.2563614574655217
smooth_nonnormal,11,0.275,2,1,-0.04492715384570358,2.674073440316901,1.8298917299644533
smooth_nonnormal,11,0.275,2,2,0.2720024559950049,2.4269413174284087,1.639195731233125
smooth_nonnormal,12,0.3,0,0,0.38215796901976956,2.122988875747588,1.084575604617702
smooth_nonnormal,12,0.3,0,1,0.10594548514716888,2.4557840666783886,1.4184982408683429
smooth_nonnormal,12,0.3,0,2,-0.17985742294072615,2.220329235786815,1.1952815616086605
smooth_nonnormal,12,0.3,1,0,0.10594548514716888,2.4557840666783886,1.4184982408683429
smooth_nonnormal,12,0.3,1,1,0.15813020543469133,2.9261066764067376,2.2571836025885275
smooth_nonnormal,12,0.3,1,2,-0.04735679477855977,2.6166163540605454,1.7688793623267551
smooth_nonnormal,12,0.3,2,0,-0.17985742294072615,2.220329235786815,1.1952815616086605
smooth_nonnormal,12,0.3,2,1,-0.04735679477855977,2.6166163540605454,1.7688793623267551
smooth_nonnormal,12,0.3,2,2,0.27805565996516185,2.381448585830752,1.55815319362773
smooth_nonnormal,13,0.325,0,0,0.38751764366358615,2.0902012334118676,1.0191966501390766
smooth_nonnormal,13,0.325,0,1,0.10715909825873086,2.4073592250325153,1.3686822823041263
smooth_nonnormal,13,0.325,0,2,-0.1863787739986983,2.181382166018475,1.1245303839862901
smooth_nonnormal,13,0.325,1,0,0.10715909825873086,2.4073592250325153,1.3686822823041263
smooth_nonnormal,13,0.325,1,1,0.15745783815564202,2.8527516160713806,2.1968795020203573
smooth_nonnormal,13,0.325,1,2,-0.04997562196836445,2.5587381125596065,1.7085730234147298
smooth_nonnormal,13,0.325,2,0,-0.1863787739986983,2.181382166018475,1.1245303839862901
smooth_nonnormal,13,0.325,2,1,-0.04997562196836445,2.5587381125596065,1.7085730234147298
smooth_nonnormal,13,0.325,2,2,0.2844892803523354,2.3341973273978502,1.477548005928058
smooth_nonnormal,14,0.35,0,0,0.39337537179753973,2.055569392314785,0.9520484650156035
smooth_nonnormal,14,0.35,0,1,0.1085860422663497,2.358254628916772,1.3173982499620698
smooth_nonnormal,14,0.35,0,2,-0.19314876034357775,2.140716945078221,1.055430007222055
smooth_nonnormal,14,0.35,1,0,0.1085860422663497,2.358254628916772,1.3173982499620698
smooth_nonnormal,14,0.35,1,1,0.15680425390643912,2.7799682164853663,2.1348180645515185
smooth_nonnormal,14,0.35,1,2,-0.052745585638980824,2.499810741928728,1.6480219064149468
smooth_nonnormal,14,0.35,2,0,-0.19314876034357775,2.140716945078221,1.055430007222055
smooth_nonnormal,14,0.35,2,1,-0.052745585638980824,2.499810741928728,1.6480219064149468
smooth_nonnormal,14,0.35,2,2,0.29133339396434005,2.2846869024430876,1.3936915075079481
smooth_nonnormal,15,0.375,0,0,0.3996657429395463,2.0195613704205457,0.9141096116930251
smooth_nonnormal,15,0.375,0,1,0.11027844424900964,2.3088636411097254,1.283490838202132
smooth_nonnormal,15,0.375,0,2,-0.20006233358688655,2.09930999825709,1.0042291553586227
smooth_nonnormal,15,0.375,1,0,0.11027844424900964,2.3088636411097254,1.283490838202132
smooth_nonnormal,15,0.375,1,1,0.1563498485755902,2.708202523854126,2.0819983685222
smooth_nonnormal,15,0.375,1,2,-0.0555920205992688,2.4408158678397247,1.590947913262309
smooth_nonnormal,15,0.375,2,0,-0.20006233358688655,2.09930999825709,1.0042291553586227
smooth_nonnormal,15,0.375,2,1,-0.0555920205992688,2.4408158678397247,1.590947913262309
smooth_nonnormal,15,0.375,2,2,0.29852082183577483,2.2343501215368105,1.3101419253536626
smooth_nonnormal,16,0.4,0,0,0.40613537314858905,1.9835168021063387,0.9139622251940085
smooth_nonnormal,16,0.4,0,1,0.11218370974122145,2.2603871919261764,1.2778321215075095
smooth_nonnormal,16,0.4,0,2,-0.20698832821068558,2.0589827265562266,0.9806920936385438
smooth_nonnormal,16,0.4,1,0,0.11218370974122145,2.2603871919261764,1.2778321215075095
smooth_nonnormal,16,0.4,1,1,0.1562432571982277,2.6387204283953594,2.0469318572400685
smooth_nonnormal,16,0.4,1,2,-0.058445521275425745,2.3837434607831653,1.5439199430155408
smooth_nonnormal,16,0.4,2,0,-0.20698832821068558,2.0589827265562266,0.9806920936385438
smooth_nonnormal,16,0.4,2,1,-0.058445521275425745,2.3837434607831653,1.5439199430155408
smooth_nonnormal,16,0.4,2,2,0.3059427405332776,2.185773966415954,1.2375668743766253
smooth_nonnormal,17,0.425,0,0,0.41246817782802164,1.9490212216756435,0.9383088734528334
smooth_nonnormal,17,0.425,0,1,0.11416257025375852,2.214253402101393,1.2978489754194709
smooth_nonnormal,17,0.425,0,2,-0.2138526269245433,2.0215434470110476,0.9837292478760616
smooth_nonnormal,17,0.425,1,0,0.11416257025375852,2.214253402101393,1.2978489754194709
smooth_nonnormal,17,0.425,1,1,0.15655186289625214,2.573009253120588,2.0297954809415
smooth_nonnormal,17,0.425,1,2,-0.06126000737424608,2.3306158856903454,1.5135505844666215
smooth_nonnormal,17,0.425,2,0,-0.2138526269245433,2.0215434470110476,0.9837292478760616
smooth_nonnormal,17,0.425,2,1,-0.06126000737424608,2.3306158856903454,1.5135505844666215
smooth_nonnormal,17,0.425,2,2,0.3135332375958875,2.1414117387390714,1.1894818814164718
smooth_nonnormal,18,0.45,0,0,0.4184198298458188,1.917238756005289,0.9742955630916194
smooth_nonnormal,18,0.45,0,1,0.11603834827744715,2.1714951274018026,1.3356871390719076
smooth_nonnormal,18,0.45,0,2,-0.22068243578491709,1.9880097052502599,1.007524518875897
smooth_nonnormal,18,0.45,1,0,0.11603834827744715,2.1714951274018026,1.3356871390719076
smooth_nonnormal,18,0.45,1,1,0.15723366639062705,2.5120808200280247,2.024050317402669
smooth_nonnormal,18,0.45,1,2,-0.06400369560389764,2.282520158056267,1.503142187785668
smooth_nonnormal,18,0.45,2,0,-0.22068243578491709,1.9880097052502599,1.007524518875897
smooth_nonnormal,18,0.45,2,1,-0.06400369560389764,2.282520158056267,1.503142187785668
smooth_nonnormal,18,0.45,2,2,0.3213256642743196,2.102416010023265,1.1734815360604212
smooth_nonnormal,19,0.475,0,0,0.4239376180630316,1.8884094341430682,1.014464826439933
smooth_nonnormal,19,0.475,0,1,0.11766172504784062,2.1322699564637655,1.3790824886105908
smooth_nonnormal,19,0.475,0,2,-0.2276139803157795,1.9581975330008008,1.0426799549821841
smooth_nonnormal,19,0.475,1,0,0.11766172504784062,2.1322699564637655,1.3790824886105908
smooth_nonnormal,19,0.475,1,1,0.15814952492213227,2.4560318134217165,2.0200322657067042
smooth_nonnormal,19,0.475,1,2,-0.06663508287619202,2.239195524477742,1.5082707912021622
smooth_nonnormal,19,0.475,2,0,-0.2276139803157795,1.9581975330008008,1.0426799549821841
smooth_nonnormal,19,0.475,2,1,-0.06663508287619202,2.239195524477742,1.5082707912021622
smooth_nonnormal,19,0.475,2,2,0.32944057050149106,2.068239861770236,1.1843779883549215
smooth_nonnormal,20,0.5,0,0,0.4292159783985557,1.861913649844803,1.0471786114330344
smooth_nonnormal,20,0.5,0,1,0.11895940048103854,2.095879271797758,1.4101544364049996
smooth_nonnormal,20,0.5,0,2,-0.23484303347556335,1.9309700550504374,1.0740474455569584
smooth_nonnormal,20,0.5,1,0,0.11895940048103854,2.095879271797758,1.4101544364049996
smooth_nonnormal,20,0.5,1,1,0.1591119900731083,2.404080132293237,2.0095108740931393
smooth_nonnormal,20,0.5,1,2,-0.06908992387557385,2.199346993200129,1.515637197957018
smooth_nonnormal,20,0.5,2,0,-0.23484303347556335,1.9309700550504374,1.0740474455569584
smooth_nonnormal,20,0.5,2,1,-0.06908992387557385,2.199346993200129,1.515637197957018
smooth_nonnormal,20,0.5,2,2,0.3380237860822302,2.0371633679753223,1.203732194608368
smooth_nonnormal,21,0.525,0,0,0.4346226048241773,1.8370654552446173,1.0690714497059086
smooth_nonnormal,21,0.525,0,1,0.11996015813836898,2.0613428392747646,1.4193349183293738
smooth_nonnormal,21,0.525,0,2,-0.24252534619071572,1.9051156760091468,1.0899842815876448
smooth_nonnormal,21,0.525,1,0,0.11996015813836898,2.0613428392747646,1.4193349183293738
smooth_nonnormal,21,0.525,1,1,0.15995510277389782,2.3548622744803818,1.9878397836358956
smooth_nonnormal,21,0.525,1,2,-0.0713033547168692,2.161369756593103,1.509981733023003
smooth_nonnormal,21,0.525,2,0,-0.24252534619071572,1.9051156760091468,1.0899842815876448
smooth_nonnormal,21,0.525,2,1,-0.0713033547168692,2.161369756593103,1.509981733023003
smooth_nonnormal,21,0.525,2,2,0.3471636228307941,2.007369552558705,1.209102881691358
smooth_nonnormal,22,0.55,0,0,0.4404934910448622,1.8138986539279498,1.0855764131493642
smooth_nonnormal,22,0.55,0,1,0.12078006895977937,2.0280427196109447,1.410962705029285
smooth_nonnormal,22,0.55,0,2,-0.2506929029158281,1.8802011742506701,1.0910147179601535
smooth_nonnormal,22,0.55,1,0,0.12078006895977937,2.0280427196109447,1.410962705029285
smooth_nonnormal,22,0.55,1,1,0.16060296332590088,2.3068687343266387,1.9544073672119626
smooth_nonnormal,22,0.55,1,2,-0.07325010397725397,2.124081533199312,1.4859344531295158
smooth_nonnormal,22,0.55,2,0,-0.2506929029158281,1.8802011742506701,1.0910147179601535
smooth_nonnormal,22,0.55,2,1,-0.07325010397725397,2.124081533199312,1.4859344531295158
smooth_nonnormal,22,0.55,2,2,0.3568258828853454,1.9779193106995676,1.197106921128299
smooth_nonnormal,23,0.575,0,0,0.44702542939409606,1.7926138797325766,1.085468986910884
smooth_nonnormal,23,0.575,0,1,0.12157874152615272,1.9955657023286992,1.384927244961334
smooth_nonnormal,23,0.575,0,2,-0.25926430860957406,1.8563652895395932,1.0817112684777686
smooth_nonnormal,23,0.575,1,0,0.12157874152615272,1.9955657023286992,1.384927244961334
smooth_nonnormal,23,0.575,1,1,0.16110046232832193,2.2588178166129684,1.9113989255502195
smooth_nonnormal,23,0.575,1,2,-0.07496486691300065,2.086992287823865,1.4476074837256137
smooth_nonnormal,23,0.575,2,0,-0.25926430860957406,1.8563652895395932,1.0817112684777686
smooth_nonnormal,23,0.575,2,1,-0.07496486691300065,2.086992287823865,1.4476074837256137
smooth_nonnormal,23,0.575,2,2,0.3668778944950106,1.9489107503556193,1.183574061451947
smooth_nonnormal,24,0.6,0,0,0.45432225150773514,1.7729231770829792,1.0578279267715043
smooth_nonnormal,24,0.6,0,1,0.12250919020742264,1.9633774661696861,1.3352954468714058
smooth_nonnormal,24,0.6,0,2,-0.2681335806429838,1.8337319416814406,1.0617133308614073
smooth_nonnormal,24,0.6,1,0,0.12250919020742264,1.9633774661696861,1.3352954468714058
smooth_nonnormal,24,0.6,1,1,0.16158564209227405,2.2097608622666747,1.8611911527482061
smooth_nonnormal,24,0.6,1,2,-0.07653562426869066,2.0500474195507423,1.3982053947196198
smooth_nonnormal,24,0.6,2,0,-0.2681335806429838,1.8337319416814406,1.0617133308614073
smooth_nonnormal,24,0.6,2,1,-0.07653562426869066,2.0500474195507423,1.3982053947196198
smooth_nonnormal,24,0.6,2,2,0.37717175988659885,1.920935935066615,1.1705015548894773
smooth_nonnormal,25,0.625,0,0,0.46239491825684736,1.7545397779481693,1.0098516199949452
smooth_nonnormal,25,0.625,0,1,0.12366961641881058,1.9311501444223627,1.2654698118872514
smooth_nonnormal,25,0.625,0,2,-0.27724611206927796,1.8124576161627937,1.0248473503151012
smooth_nonnormal,25,0.625,1,0,0.12366961641881058,1.9311501444223627,1.2654698118872514
smooth_nonnormal,25,0.625,1,1,0.1622348015122372,2.159181719297764,1.805528381116539
smooth_nonnormal,25,0.625,1,2,-0.07807825485770041,2.013369669000006,1.3405356884601938
smooth_nonnormal,25,0.625,2,0,-0.27724611206927796,1.8124576161627937,1.0248473503151012
smooth_nonnormal,25,0.625,2,1,-0.07807825485770041,2.013369669000006,1.3405356884601938
smooth_nonnormal,25,0.625,2,2,0.38760089464085906,1.8946270017407667,1.1407314332510543
smooth_nonnormal,26,0.65,0,0,0.4711412484052517,1.7375716617802135,0.9482644073562428
smooth_nonnormal,26,0.65,0,1,0.12509349079966256,1.8990925359905342,1.1872904069812116
smooth_nonnormal,26,0.65,0,2,-0.2866289238919495,1.7928061231721635,0.968304524080466
smooth_nonnormal,26,0.65,1,0,0.12509349079966256,1.8990925359905342,1.1872904069812116
smooth_nonnormal,26,0.65,1,1,0.16321642674497017,2.1073004926872128,1.7467174661234368
smooth_nonnormal,26,0.65,1,2,-0.07970838518718021,1.9772116025222326,1.283802699539951
smooth_nonnormal,26,0.65,2,0,-0.2866289238919495,1.7928061231721635,0.968304524080466
smooth_nonnormal,26,0.65,2,1,-0.07970838518718021,1.9772116025222326,1.283802699539951
smooth_nonnormal,26,0.65,2,2,0.3981417431396465,1.8703866939472567,1.0935003121353506
smooth_nonnormal,27,0.675,0,0,0.4804224619789348,1.722097834867997,0.8802892866166999
smooth_nonnormal,27,0.675,0,1,0.12678948786200647,1.8677743474529418,1.1123440864637264
smooth_nonnormal,27,0.675,0,2,-0.29637293362008454,1.7747530960106914,0.9053436438959088
smooth_nonnormal,27,0.675,1,0,0.12678948786200647,1.8677743474529418,1.1123440864637264
smooth_nonnormal,27,0.675,1,1,0.16465563786041099,2.0552569162858423,1.6886941216027533
smooth_nonnormal,27,0.675,1,2,-0.08152723688302503,1.9418860389150732,1.2395526609700684
smooth_nonnormal,27,0.675,2,0,-0.29637293362008454,1.7747530960106914,0.9053436438959088
smooth_nonnormal,27,0.675,2,1,-0.08152723688302503,1.9418860389150732,1.2395526609700684
smooth_nonnormal,27,0.675,2,2,0.40888050685229077,1.8480154735926317,1.0522565747852135
smooth_nonnormal,28,0.7,0,0,0.490170088668007,1.7079324561634184,0.8200794825571537
smooth_nonnormal,28,0.7,0,1,0.1287959042676459,1.8378450378506324,1.0495683957641593
smooth_nonnormal,28,0.7,0,2,-0.306572126972206,1.7579276770485224,0.8550188634483037
smooth_nonnormal,28,0.7,1,0,0.1287959042676459,1.8378450378506324,1.0495683957641593
smooth_nonnormal,28,0.7,1,1,0.16661310215823907,2.004723297484158,1.631478334187525
smooth_nonnormal,28,0.7,1,2,-0.08362115227987532,1.9077469642568892,1.2131729182366577
smooth_nonnormal,28,0.7,2,0,-0.306572126972206,1.7579276770485224,0.8550188634483037
smooth_nonnormal,28,0.7,2,1,-0.08362115227987532,1.9077469642568892,1.2131729182366577
smooth_nonnormal,28,0.7,2,2,0.4199569711322502,1.826858781824478,1.0329219794590714
smooth_nonnormal,29,0.725,0,0,0.5004201809979718,1.6949132958438877,0.7660128367691069
smooth_nonnormal,29,0.725,0,1,0.13120998155439642,1.8098961482186597,0.9973245100394119
smooth_nonnormal,29,0.725,0,2,-0.3172624523689502,1.7419830588424186,0.8251110626394783
smooth_nonnormal,29,0.725,1,0,0.13120998155439642,1.8098961482186597,0.9973245100394119
smooth_nonnormal,29,0.725,1,1,0.16909450451822042,1.957216561603504,1.5635019320628476
smooth_nonnormal,29,0.725,1,2,-0.08607119613409131,1.8751597678532033,1.2009395830305873
smooth_nonnormal,29,0.725,2,0,-0.3172624523689502,1.7419830588424186,0.8251110626394783
smooth_nonnormal,29,0.725,2,1,-0.08607119613409131,1.8751597678532033,1.2009395830305873
smooth_nonnormal,29,0.725,2,2,0.4314622803760926,1.8063159340127843,1.0377291641053614
smooth_nonnormal,30,0.75,0,0,0.5112745656003098,1.6829506521549105,0.7016282038400568
smooth_nonnormal,30,0.75,0,1,0.13417241772755456,1.7842829167775858,0.9382536160808229
smooth_nonnormal,30,0.75,0,2,-0.3283944969016569,1.726698880494834,0.8058157559238118
smooth_nonnormal,30,0.75,1,0,0.13417241772755456,1.7842829167775858,0.9382536160808229
smooth_nonnormal,30,0.75,1,1,0.17207461837435814,1.9136121937725603,1.4695478787719132
smooth_nonnormal,30,0.75,1,2,-0.0889604268146576,1.8443296798201896,1.1879692894419567
smooth_nonnormal,30,0.75,2,0,-0.3283944969016569,1.726698880494834,0.8058157559238118
smooth_nonnormal,30,0.75,2,1,-0.0889604268146576,1.8443296798201896,1.1879692894419567
smooth_nonnormal,30,0.75,2,2,0.44338676961161894,1.7859679123137708,1.0617822771528822
smooth_nonnormal,31,0.775,0,0,0.5228428004251636,1.671978810188417,0.6289572244110861
smooth_nonnormal,31,0.775,0,1,0.1378104520533964,1.7610210080528719,0.8587451659581453
smooth_nonnormal,31,0.775,0,2,-0.3398552907736136,1.7119105568351687,0.7794858040310583
smooth_nonnormal,31,0.775,1,0,0.1378104520533964,1.7610210080528719,0.8587451659581453
smooth_nonnormal,31,0.775,1,1,0.1755009027952493,1.8739236870534626,1.3503629565416253
smooth_nonnormal,31,0.775,1,2,-0.0923576907433501,1.8151288107602364,1.1539534095903436
smooth_nonnormal,31,0.775,2,0,-0.3398552907736136,1.7119105568351687,0.7794858040310583
smooth_nonnormal,31,0.775,2,1,-0.0923576907433501,1.8151288107602364,1.1539534095903436
smooth_nonnormal,31,0.775,2,2,0.45563622868803577,1.7654440323709826,1.0885716057631698
smooth_nonnormal,32,0.8,0,0,0.5352609367894191,1.6618824198716664,0.5576726973112177
smooth_nonnormal,32,0.8,0,1,0.1421909310845963,1.739748157085497,0.7645257616881054
smooth_nonnormal,32,0.8,0,2,-0.35157523923757794,1.6974264706245548,0.7358298698013571
smooth_nonnormal,32,0.8,1,0,0.1421909310845963,1.739748157085497,0.7645257616881054
smooth_nonnormal,32,0.8,1,1,0.17928462605555973,1.837457005099135,1.2227829981600924
smooth_nonnormal,32,0.8,1,2,-0.09628783646506271,1.7871522758763998,1.0903337357370455
smooth_nonnormal,32,0.8,2,0,-0.35157523923757794,1.6974264706245548,0.7358298698013571
smooth_nonnormal,32,0.8,2,1,-0.09628783646506271,1.7871522758763998,1.0903337357370455
smooth_nonnormal,32,0.8,2,2,0.4680892490917981,1.7444384001868525,1.0934970317511266
smooth_nonnormal,33,0.825,0,0,0.5487485284632344,1.652177649653462,0.48725405099887303
smooth_nonnormal,33,0.825,0,1,0.1473265510343682,1.7197008592645455,0.6707074205072461
smooth_nonnormal,33,0.825,0,2,-0.3636717424130845,1.6828661734876815,0.6744672416473741
smooth_nonnormal,33,0.825,1,0,0.1473265510343682,1.7197008592645455,0.6707074205072461
smooth_nonnormal,33,0.825,1,1,0.18331774004983617,1.8032499982971146,1.1091999702883821
smooth_nonnormal,33,0.825,1,2,-0.10072953531652878,1.7599105139140716,1.0074623039739972
smooth_nonnormal,33,0.825,2,0,-0.3636717424130845,1.6828661734876815,0.6744672416473741
smooth_nonnormal,33,0.825,2,1,-0.10072953531652878,1.7599105139140716,1.0074623039739972
smooth_nonnormal,33,0.825,2,2,0.48069378251094214,1.7227830187892665,1.061543968535698
smooth_nonnormal,34,0.85,0,0,0.563574505398581,1.6421063229553827,0.42048548843478756
smooth_nonnormal,34,0.85,0,1,0.1532057822335883,1.6999660967107937,0.5907943157073221
smooth_nonnormal,34,0.85,0,2,-0.376496568972029,1.6676974145100818,0.6012932768113521
smooth_nonnormal,34,0.85,1,0,0.1532057822335883,1.6999660967107937,0.5907943157073221
smooth_nonnormal,34,0.85,1,1,0.1875124183416943,1.770344288385713,1.0297584575582157
smooth_nonnormal,34,0.85,1,2,-0.10565277950885212,1.7328816642261018,0.9233620000289755
smooth_nonnormal,34,0.85,2,0,-0.376496568972029,1.6676974145100818,0.6012932768113521
smooth_nonnormal,34,0.85,2,1,-0.10565277950885212,1.7328816642261018,0.9233620000289755
smooth_nonnormal,34,0.85,2,2,0.4935971846393998,1.7003261233017393,0.9957758341075621
smooth_nonnormal,35,0.875,0,0,0.5799992601719416,1.631086201452982,0.36801456854904785
smooth_nonnormal,35,0.875,0,1,0.1598002338350679,1.679795646631219,0.5310864773395843
smooth_nonnormal,35,0.875,0,2,-0.3905368220977858,1.651486693855477,0.5274818657656101
smooth_nonnormal,35,0.875,1,0,0.1598002338350679,1.679795646631219,0.5310864773395843
smooth_nonnormal,35,0.875,1,1,0.19181662683944012,1.7378291259395207,0.992501627963675
smooth_nonnormal,35,0.875,1,2,-0.11106168711370414,1.7055219782973703,0.852065800641098
smooth_nonnormal,35,0.875,2,0,-0.3905368220977858,1.651486693855477,0.5274818657656101
smooth_nonnormal,35,0.875,2,1,-0.11106168711370414,1.7055219782973703,0.852065800641098
smooth_nonnormal,35,0.875,2,2,0.5071944464443693,1.6768744518223528,0.9122541775472958
smooth_nonnormal,36,0.9,0,0,0.5982776542577509,1.6188903031927822,0.3297607243127965
smooth_nonnormal,36,0.9,0,1,0.16703933240028648,1.6586731832595423,0.4870842604738009
smooth_nonnormal,36,0.9,0,2,-0.4062319587684117,1.634200384303903,0.4677790985515975
smooth_nonnormal,36,0.9,1,0,0.16703933240028648,1.6586731832595423,0.4870842604738009
smooth_nonnormal,36,0.9,1,1,0.19619418472039485,1.7048714885437157,0.9901157242678699
smooth_nonnormal,36,0.9,1,2,-0.11699626291777503,1.6775273192003788,0.8020300060763016
smooth_nonnormal,36,0.9,2,0,-0.4062319587684117,1.634200384303903,0.4677790985515975
smooth_nonnormal,36,0.9,2,1,-0.11699626291777503,1.6775273192003788,0.8020300060763016
smooth_nonnormal,36,0.9,2,2,0.5219329201547331,1.6526740322823985,0.83095334791623
smooth_nonnormal,37,0.925,0,0,0.6185656226201008,1.6056541471902348,0.30519480606016386
smooth_nonnormal,37,0.925,0,1,0.1747982841106942,1.6363649175679542,0.4549645072958015
smooth_nonnormal,37,0.925,0,2,-0.4237583402818947,1.616361652264566,0.4340396259975466
smooth_nonnormal,37,0.925,1,0,0.1747982841106942,1.6363649175679542,0.4549645072958015
smooth_nonnormal,37,0.925,1,1,0.20061202156964067,1.6709288014317878,1.0063738241079905
smooth_nonnormal,37,0.925,1,2,-0.12347567064814512,1.649126041535541,0.7777555815970923
smooth_nonnormal,37,0.925,2,0,-0.4237583402818947,1.616361652264566,0.4340396259975466
smooth_nonnormal,37,0.925,2,1,-0.12347567064814512,1.649126041535541,0.7777555815970923
smooth_nonnormal,37,0.925,2,2,0.5379929928789103,1.6287874063138386,0.7696938819366173
smooth_nonnormal,38,0.95,0,0,0.6406578924694833,1.592283648735702,0.30284642123981814
smooth_nonnormal,38,0.95,0,1,0.18294142837149294,1.6133303398130658,0.44095214848479697
smooth_nonnormal,38,0.95,0,2,-0.4428404972020346,1.5990014692491092,0.4245380151678649
smooth_nonnormal,38,0.95,1,0,0.18294142837149294,1.6133303398130658,0.44095214848479697
smooth_nonnormal,38,0.95,1,1,0.20505862295645427,1.6361771320843177,1.0271541795191823
smooth_nonnormal,38,0.95,1,2,-0.13042340046763226,1.620984688973075,0.7791175982025919
smooth_nonnormal,38,0.95,2,0,-0.4428404972020346,1.5990014692491092,0.4245380151678649
smooth_nonnormal,38,0.95,2,1,-0.13042340046763226,1.620984688973075,0.7791175982025919
smooth_nonnormal,38,0.95,2,2,0.555159966412879,1.6064558461721399,0.7396346807884674
smooth_nonnormal,39,0.975,0,0,0.6640622739945398,1.5799918640990338,0.3129415192608533
smooth_nonnormal,39,0.975,0,1,0.19134650493265304,1.5906330576160277,0.44455461564985815
smooth_nonnormal,39,0.975,0,2,-0.4628467958091392,1.583165200710985,0.42653178610077386
smooth_nonnormal,39,0.975,1,0,0.19134650493265304,1.5906330576160277,0.44455461564985815
smooth_nonnormal,39,0.975,1,1,0.2095588907848034,1.6017381284300256,1.046874160863266
smooth_nonnormal,39,0.975,1,2,-0.1376500005856655,1.5940465719995005,0.798751557314238
smooth_nonnormal,39,0.975,2,0,-0.4628467958091392,1.583165200710985,0.42653178610077386
smooth_nonnormal,39,0.975,2,1,-0.1376500005856655,1.5940465719995005,0.798751557314238
smooth_nonnormal,39,0.975,2,2,0.5729081193905513,1.58651904092124,0.7347524564259135
smooth_nonnormal,40,1.0,0,0,0.6883357665605828,1.5693797959995663,nan
smooth_nonnormal,40,1.0,0,1,0.19988369226736427,1.5693797959995663,nan
smooth_nonnormal,40,1.0,0,2,-0.48313916306376675,1.5693797959995663,nan
smooth_nonnormal,40,1.0,1,0,0.19988369226736427,1.5693797959995663,nan
smooth_nonnormal,40,1.0,1,1,0.21415522735754308,1.5693797959995663,nan
smooth_nonnormal,40,1.0,1,2,-0.14492009709038614,1.5693797959995663,nan
smooth_nonnormal,40,1.0,2,0,-0.48313916306376675,1.5693797959995663,nan
smooth_nonnormal,40,1.0,2,1,-0.14492009709038614,1.5693797959995663,nan
smooth_nonnormal,40,1.0,2,2,0.59059037245725,1.5693797959995663,nan
