A,actual_compiled_liouville_pde_run,code_sha256,config_sha256,depth,dt,duration,exact_final_loss,exact_gram_motion,exact_initial_loss,exact_min_theta,exact_plateau_candidate,exact_plateau_validated,gamma,gram_error_depth_index,gram_error_time,group,horizon,integrator,l1_all_depth_gram_error,l1_output_error,max_loss_increase_per_sample,method,model,motion_normalized_gram_error,n,normalized_output_error,order,output_error_time,restart_time,run_id,seed,sigma_w,sup_adjoint_defect,sup_all_depth_gram_error,sup_diagonal_gram_error,sup_forward_defect,sup_kernel_identity_defect,sup_loss_error,sup_mid_gram_error,sup_offdiagonal_gram_error,sup_output_error,sup_terminal_constraint_defect,sup_terminal_gram_error,sup_theta_error,surrogate,surrogate_plateau_candidate,surrogate_plateau_validated,tail_sup_all_depth_gram_error,tail_sup_output_error,terminal_all_depth_gram_error,terminal_output_error,training
1.0,False,91223842b0e681fe8f896e359909d9fcca08d34d2d3bf7cc88c734a4658a1fd6,0215196437e28b99e7aebfc3c17f96f18155e8431c97d425121df65688930558,16,0.02,32.0,6.162975822039155e-33,0.6864540490404315,0.5006432606177831,1.9918541769023637,8.0,32.0,1.0,13,0.88,central,32.0,fixed-step classical RK4,0.6497549695463993,0.00916225523155271,0.0,K0,dense unconstrained 1/L residual tanh ResNet,0.03223256865393793,64,0.009569778204427608,0,0.68,0.0,central_n64_L16_s1_sw0p65_A1_g1_r0_dt0p02,1,0.65,0.012345762801246113,0.022126177263469382,0.015286391744209954,0.00908032197160188,0.03299728779364031,0.002604822396867844,0.02038163880165287,0.01599998038130573,0.009575932087228397,0.0,0.01692941889155132,0.04836813337927433,coupled q/r finite-matrix response projection,8.0,32.0,0.02047256631942087,3.3306690738754696e-16,0.020472566319420765,1.1102230246251565e-16,ordinary Euclidean muP gradient flow
1.0,False,91223842b0e681fe8f896e359909d9fcca08d34d2d3bf7cc88c734a4658a1fd6,0215196437e28b99e7aebfc3c17f96f18155e8431c97d425121df65688930558,16,0.02,32.0,6.162975822039155e-33,0.6864540490404315,0.5006432606177831,1.9918541769023637,8.0,32.0,1.0,12,10.88,central,32.0,fixed-step classical RK4,0.05801991041813148,0.00028275114530987267,0.0,K1,dense unconstrained 1/L residual tanh ResNet,0.0026786934897326717,64,0.00027516665035160306,1,0.68,0.0,central_n64_L16_s1_sw0p65_A1_g1_r0_dt0p02,1,0.65,0.0009421291194831497,0.001838799992165236,0.0013523100432801041,0.0007857454285567652,0.0012286871966089297,7.589354609817411e-05,0.0006696741609679786,0.001461610327094571,0.00027534359732788366,0.0,0.0009055700332985916,0.0020367860591432455,coupled q/r finite-matrix response projection,8.0,32.0,0.0018387999921648892,2.482534153247273e-16,0.0018387999921648712,1.1102230246251565e-16,ordinary Euclidean muP gradient flow
1.0,False,91223842b0e681fe8f896e359909d9fcca08d34d2d3bf7cc88c734a4658a1fd6,0215196437e28b99e7aebfc3c17f96f18155e8431c97d425121df65688930558,16,0.02,32.0,6.162975822039155e-33,0.6864540490404315,0.5006432606177831,1.9918541769023637,8.0,32.0,1.0,16,3.56,central,32.0,fixed-step classical RK4,0.003613972717086462,9.103091598196371e-06,0.0,K2,dense unconstrained 1/L residual tanh ResNet,0.00016644681750565746,64,9.304948261300519e-06,2,0.28,0.0,central_n64_L16_s1_sw0p65_A1_g1_r0_dt0p02,1,0.65,6.437863962967954e-05,0.00011425809182665234,6.949378293077411e-05,5.887426036048726e-05,9.2585134541475e-05,5.143102339677519e-06,3.79036138651397e-05,9.087946387685533e-05,9.310931844184495e-06,0.0,0.00011425809182665234,0.0002124057749635362,coupled q/r finite-matrix response projection,8.0,32.0,0.00011425766403550149,2.7194799110210365e-16,0.00011425766403533533,1.1102230246251565e-16,ordinary Euclidean muP gradient flow
1.0,False,91223842b0e681fe8f896e359909d9fcca08d34d2d3bf7cc88c734a4658a1fd6,0215196437e28b99e7aebfc3c17f96f18155e8431c97d425121df65688930558,16,0.02,32.0,6.162975822039155e-33,0.6864540490404315,0.5006432606177831,1.9918541769023637,8.0,32.0,1.0,16,9.36,central,32.0,fixed-step classical RK4,0.00026384067790574954,1.305908061956375e-06,0.0,K3,dense unconstrained 1/L residual tanh ResNet,1.2144849833103001e-05,64,1.4927313157293929e-06,3,0.44,0.0,central_n64_L16_s1_sw0p65_A1_g1_r0_dt0p02,1,0.65,3.4310649668000716e-06,8.336881342921564e-06,5.876807971851524e-06,3.2081302829093765e-06,8.663885959903041e-06,6.914242152156191e-07,3.1627221976107664e-06,5.928397113392377e-06,1.4936912223619015e-06,0.0,8.336881342921564e-06,9.99423549192064e-06,coupled q/r finite-matrix response projection,8.0,32.0,8.336881342880246e-06,2.7194799110210365e-16,8.33688134273904e-06,1.1102230246251565e-16,ordinary Euclidean muP gradient flow
1.0,False,91223842b0e681fe8f896e359909d9fcca08d34d2d3bf7cc88c734a4658a1fd6,86d01384192830290f2956b0d45f8f2866dc213f9d5dbc7abb78266aeeed9c10,16,0.02,32.0,1.232595164407831e-32,0.6246019152597043,0.5029963771064824,2.3378989456182233,8.0,32.0,1.0,8,11.36,central,32.0,fixed-step classical RK4,0.6698602119540518,0.0068593286427984625,1.0785207688568521e-32,K0,dense unconstrained 1/L residual tanh ResNet,0.033977162556033905,64,0.007926184982537951,0,0.52,0.0,central_n64_L16_s2_sw0p65_A1_g1_r0_dt0p02,2,0.65,0.011545124363481157,0.021222200807589086,0.015460207942113812,0.008036904022180564,0.03287707077411628,0.0025556693614369186,0.021222200807589086,0.014538355392028747,0.007949899346242753,0.0,0.016397338753091757,0.031337262065159216,coupled q/r finite-matrix response projection,8.0,32.0,0.021222200807588878,1.9229626863835638e-16,0.02122220080758886,0.0,ordinary Euclidean muP gradient flow
1.0,False,91223842b0e681fe8f896e359909d9fcca08d34d2d3bf7cc88c734a4658a1fd6,86d01384192830290f2956b0d45f8f2866dc213f9d5dbc7abb78266aeeed9c10,16,0.02,32.0,1.232595164407831e-32,0.6246019152597043,0.5029963771064824,2.3378989456182233,8.0,32.0,1.0,16,0.72,central,32.0,fixed-step classical RK4,0.02885572624036273,0.0001859469239511226,1.3866695599588098e-32,K1,dense unconstrained 1/L residual tanh ResNet,0.0016420313480566505,64,0.00021055550064721812,1,0.56,0.0,central_n64_L16_s2_sw0p65_A1_g1_r0_dt0p02,2,0.65,0.000894693881320941,0.001025615924912658,0.0006497398415453396,0.0006308518038305246,0.0004823379932110202,5.431684043380458e-05,0.00028089916862768157,0.0008468596786015466,0.0002111854619379772,0.0,0.001025615924912658,0.0030315760508161965,coupled q/r finite-matrix response projection,8.0,32.0,0.0009033846771524209,2.7194799110210365e-16,0.0009033846771521627,1.1102230246251565e-16,ordinary Euclidean muP gradient flow
1.0,False,91223842b0e681fe8f896e359909d9fcca08d34d2d3bf7cc88c734a4658a1fd6,86d01384192830290f2956b0d45f8f2866dc213f9d5dbc7abb78266aeeed9c10,16,0.02,32.0,1.232595164407831e-32,0.6246019152597043,0.5029963771064824,2.3378989456182233,8.0,32.0,1.0,14,0.96,central,32.0,fixed-step classical RK4,0.00370129972561593,1.3974107258555362e-05,0.0,K2,dense unconstrained 1/L residual tanh ResNet,0.00019134550237058165,64,1.6550643607257833e-05,2,0.48,0.0,central_n64_L16_s2_sw0p65_A1_g1_r0_dt0p02,2,0.65,5.684816405068191e-05,0.00011951476725699559,8.4410923155564e-05,4.392557388020162e-05,3.359366195075995e-05,5.9840883699646685e-06,2.0666576212114415e-05,8.464258162480968e-05,1.6600161500533823e-05,0.0,8.01995001698942e-05,0.0001763195119997268,coupled q/r finite-matrix response projection,8.0,32.0,0.00011651138483178436,2.5438405243138006e-16,0.00011651138483177564,1.6653345369377348e-16,ordinary Euclidean muP gradient flow
1.0,False,91223842b0e681fe8f896e359909d9fcca08d34d2d3bf7cc88c734a4658a1fd6,86d01384192830290f2956b0d45f8f2866dc213f9d5dbc7abb78266aeeed9c10,16,0.02,32.0,1.232595164407831e-32,0.6246019152597043,0.5029963771064824,2.3378989456182233,8.0,32.0,1.0,16,0.92,central,32.0,fixed-step classical RK4,0.00022143319673274833,8.300221663608292e-07,3.0814879110195774e-32,K3,dense unconstrained 1/L residual tanh ResNet,1.1500248557243074e-05,64,9.986074891399593e-07,3,0.48,0.0,central_n64_L16_s2_sw0p65_A1_g1_r0_dt0p02,2,0.65,3.0004337480222644e-06,7.1830772748166755e-06,2.2606975758020923e-06,2.5167562445327065e-06,1.335804432246797e-06,3.145533668119649e-07,6.484826129410639e-07,6.87275172431907e-06,1.0015952242543902e-06,0.0,7.1830772748166755e-06,1.5186607737936724e-05,coupled q/r finite-matrix response projection,8.0,32.0,6.967418939408616e-06,1.9229626863835638e-16,6.967418939228892e-06,1.1102230246251565e-16,ordinary Euclidean muP gradient flow
1.0,False,91223842b0e681fe8f896e359909d9fcca08d34d2d3bf7cc88c734a4658a1fd6,bb3614edc1904aec5edaaa8ca3b1b0e28f5ea017f29cbb079c5ebdfcd74bf439,16,0.02,32.0,0.0,0.6513506291020049,0.7429809899240877,2.3322199858971047,8.0,32.0,1.0,14,0.8,central,32.0,fixed-step classical RK4,0.819200154570078,0.0068677923288385815,1.8488927466117464e-32,K0,dense unconstrained 1/L residual tanh ResNet,0.04388222359201487,64,0.0068071554727541506,0,0.48,0.0,central_n64_L16_s3_sw0p65_A1_g1_r0_dt0p02,3,0.65,0.014125840077852196,0.028582713943053728,0.02066310140724693,0.007355295595206935,0.034287735553679435,0.0030634930716837983,0.014117753353598288,0.021149392662960002,0.008297925257127248,0.0,0.020851489450123294,0.04086147826123728,coupled q/r finite-matrix response projection,8.0,32.0,0.0257372921205005,3.3766115072321297e-16,0.025737292120500105,1.9229626863835638e-16,ordinary Euclidean muP gradient flow
1.0,False,91223842b0e681fe8f896e359909d9fcca08d34d2d3bf7cc88c734a4658a1fd6,bb3614edc1904aec5edaaa8ca3b1b0e28f5ea017f29cbb079c5ebdfcd74bf439,16,0.02,32.0,0.0,0.6513506291020049,0.7429809899240877,2.3322199858971047,8.0,32.0,1.0,14,0.92,central,32.0,fixed-step classical RK4,0.06638460617297273,0.00019314190890187626,1.3866695599588098e-32,K1,dense unconstrained 1/L residual tanh ResNet,0.0032624277717735704,64,0.00020430871685084956,1,0.48,0.0,central_n64_L16_s3_sw0p65_A1_g1_r0_dt0p02,3,0.65,0.0009818511718034488,0.002124984381544567,0.0010256569539206697,0.0005557390851730458,0.00098215383160972,8.493173755279304e-05,0.0006047676856362099,0.0019008445559675767,0.00024905240795418415,0.0,0.00106832856154885,0.001547139273298772,coupled q/r finite-matrix response projection,8.0,32.0,0.0020896030797227672,3.554447978966673e-16,0.002089603079722086,1.2412670766236366e-16,ordinary Euclidean muP gradient flow
1.0,False,91223842b0e681fe8f896e359909d9fcca08d34d2d3bf7cc88c734a4658a1fd6,bb3614edc1904aec5edaaa8ca3b1b0e28f5ea017f29cbb079c5ebdfcd74bf439,16,0.02,32.0,0.0,0.6513506291020049,0.7429809899240877,2.3322199858971047,8.0,32.0,1.0,13,10.52,central,32.0,fixed-step classical RK4,0.0026983675687835616,7.353876877940314e-06,0.0,K2,dense unconstrained 1/L residual tanh ResNet,0.00013067575427678577,64,8.116608564600978e-06,2,0.4,0.0,central_n64_L16_s3_sw0p65_A1_g1_r0_dt0p02,3,0.65,5.828320053045633e-05,8.511573475656341e-05,6.41608990697078e-05,3.6411400518681406e-05,6.949384802843584e-05,3.5749645556915066e-06,5.073251532331728e-05,6.841399745051777e-05,9.894149102366222e-06,0.0,6.262224640776191e-05,0.00010624265308683285,coupled q/r finite-matrix response projection,8.0,32.0,8.51157347559094e-05,2.7755575615628914e-16,8.511573475579638e-05,0.0,ordinary Euclidean muP gradient flow
1.0,False,91223842b0e681fe8f896e359909d9fcca08d34d2d3bf7cc88c734a4658a1fd6,bb3614edc1904aec5edaaa8ca3b1b0e28f5ea017f29cbb079c5ebdfcd74bf439,16,0.02,32.0,0.0,0.6513506291020049,0.7429809899240877,2.3322199858971047,8.0,32.0,1.0,11,3.84,central,32.0,fixed-step classical RK4,0.0001641192602498069,3.8395986615646466e-07,9.706686919711669e-32,K3,dense unconstrained 1/L residual tanh ResNet,7.941328053731777e-06,64,4.389530167240495e-07,3,0.32,0.0,central_n64_L16_s3_sw0p65_A1_g1_r0_dt0p02,3,0.65,3.244243549054557e-06,5.172589023703593e-06,4.1943718254106236e-06,1.994133157243545e-06,4.847826477188963e-06,1.8865671863599331e-07,2.4618471626704622e-06,3.066348728769437e-06,5.35083903804681e-07,0.0,2.4473436126315178e-06,5.919797613490153e-06,coupled q/r finite-matrix response projection,8.0,32.0,5.172586628821085e-06,2.5438405243138006e-16,5.172586628694834e-06,5.551115123125783e-17,ordinary Euclidean muP gradient flow
1.0,False,91223842b0e681fe8f896e359909d9fcca08d34d2d3bf7cc88c734a4658a1fd6,e4d4fc49131cf3f54f329ba6b1540a75bdecbc874202d642ed7ec06b31d53442,16,0.02,32.0,7.703719777548943e-33,0.5779858717461742,0.720778696400766,2.0798751784575376,16.0,32.0,1.0,13,1.4000000000000001,central,32.0,fixed-step classical RK4,0.3175369673067928,0.005782824510891192,0.0,K0,dense unconstrained 1/L residual tanh ResNet,0.017617067982844264,64,0.00507016731763693,0,0.48,0.0,central_n64_L16_s4_sw0p65_A1_g1_r0_dt0p02,4,0.65,0.013071557806696249,0.010182416395675856,0.00702375638892975,0.008164408432217213,0.03676552110298317,0.002005053187473821,0.0034768586855083604,0.008859336830064317,0.0060874899929332215,0.0,0.009669990799375751,0.02671890270499182,coupled q/r finite-matrix response projection,16.0,32.0,0.009967274990944455,1.5700924586837752e-16,0.009967274990944398,5.551115123125783e-17,ordinary Euclidean muP gradient flow
1.0,False,91223842b0e681fe8f896e359909d9fcca08d34d2d3bf7cc88c734a4658a1fd6,e4d4fc49131cf3f54f329ba6b1540a75bdecbc874202d642ed7ec06b31d53442,16,0.02,32.0,7.703719777548943e-33,0.5779858717461742,0.720778696400766,2.0798751784575376,16.0,32.0,1.0,12,11.88,central,32.0,fixed-step classical RK4,0.04706798524389409,0.00017759167912194252,1.8488927466117464e-32,K1,dense unconstrained 1/L residual tanh ResNet,0.002561771397472322,64,0.0002725358334027109,1,0.24,0.0,central_n64_L16_s4_sw0p65_A1_g1_r0_dt0p02,4,0.65,0.0011748338495964096,0.001480667674382455,0.0010447033982198424,0.0006259809974525916,0.0019815724686079827,0.00019976788109571375,0.0007936219259796144,0.0011415355802607396,0.0003272198045187908,0.0,0.0008318767080480994,0.002243065002997196,coupled q/r finite-matrix response projection,16.0,32.0,0.001480667674381595,1.6653345369377348e-16,0.0014806676743813825,5.551115123125783e-17,ordinary Euclidean muP gradient flow
1.0,False,91223842b0e681fe8f896e359909d9fcca08d34d2d3bf7cc88c734a4658a1fd6,e4d4fc49131cf3f54f329ba6b1540a75bdecbc874202d642ed7ec06b31d53442,16,0.02,32.0,7.703719777548943e-33,0.5779858717461742,0.720778696400766,2.0798751784575376,16.0,32.0,1.0,14,4.28,central,32.0,fixed-step classical RK4,0.005200749412617514,8.304771794464078e-06,4.3140830754274083e-32,K2,dense unconstrained 1/L residual tanh ResNet,0.0002837355298419326,64,9.546908092720314e-06,2,0.2,0.0,central_n64_L16_s4_sw0p65_A1_g1_r0_dt0p02,4,0.65,7.257539480855444e-05,0.00016399512756105206,0.00011013337785428613,3.343789927630434e-05,0.00014537898123442023,8.133920513575532e-06,5.344010191230057e-05,0.00012188269173614883,1.1462483156270817e-05,0.0,0.00012662181904429082,0.0002810659256051248,coupled q/r finite-matrix response projection,16.0,32.0,0.00016399510769693742,2.5438405243138006e-16,0.00016399510769676628,1.2412670766236366e-16,ordinary Euclidean muP gradient flow
1.0,False,91223842b0e681fe8f896e359909d9fcca08d34d2d3bf7cc88c734a4658a1fd6,e4d4fc49131cf3f54f329ba6b1540a75bdecbc874202d642ed7ec06b31d53442,16,0.02,32.0,7.703719777548943e-33,0.5779858717461742,0.720778696400766,2.0798751784575376,16.0,32.0,1.0,16,1.28,central,32.0,fixed-step classical RK4,0.00024546194647245807,7.651666878794661e-07,4.930380657631324e-32,K3,dense unconstrained 1/L residual tanh ResNet,1.3436110513882e-05,64,8.427594866743509e-07,3,0.28,0.0,central_n64_L16_s4_sw0p65_A1_g1_r0_dt0p02,4,0.65,3.7538716415640965e-06,7.765882048244024e-06,6.080939325001105e-06,2.1547348918144446e-06,9.5916847479218e-06,5.874174304754121e-07,9.22296208643155e-07,4.965567774651032e-06,1.011858114372987e-06,0.0,7.765882048244024e-06,1.3955327764787394e-05,coupled q/r finite-matrix response projection,16.0,32.0,7.724754160061397e-06,2.5438405243138006e-16,7.724754159952004e-06,5.551115123125783e-17,ordinary Euclidean muP gradient flow
1.0,False,91223842b0e681fe8f896e359909d9fcca08d34d2d3bf7cc88c734a4658a1fd6,6da0ada455039df8420e0e657fb3ff9f34c16118ea205960c798fbf6390bd4a4,16,0.02,32.0,1.3866695599588098e-32,0.6351561251610822,0.5474199924969121,2.516105066550061,8.0,32.0,1.0,16,0.88,central,32.0,fixed-step classical RK4,0.778825555335089,0.007465196105136474,6.162975822039155e-33,K0,dense unconstrained 1/L residual tanh ResNet,0.043444894077704584,64,0.008335785657258869,0,0.6,0.0,central_n64_L16_s5_sw0p65_A1_g1_r0_dt0p02,5,0.65,0.011757718547424446,0.027594290580428494,0.009042463384268618,0.008428051336483429,0.028736222854382307,0.0024237568360505612,0.008870184438934054,0.026288484355057394,0.0087221161118852,0.0,0.027594290580428494,0.07423988466875268,coupled q/r finite-matrix response projection,8.0,32.0,0.02450366606169636,2.5438405243138006e-16,0.024503666061696336,1.2412670766236366e-16,ordinary Euclidean muP gradient flow
1.0,False,91223842b0e681fe8f896e359909d9fcca08d34d2d3bf7cc88c734a4658a1fd6,6da0ada455039df8420e0e657fb3ff9f34c16118ea205960c798fbf6390bd4a4,16,0.02,32.0,1.3866695599588098e-32,0.6351561251610822,0.5474199924969121,2.516105066550061,8.0,32.0,1.0,16,1.28,central,32.0,fixed-step classical RK4,0.07023951212388206,0.00018068774596611848,2.0029671421627253e-32,K1,dense unconstrained 1/L residual tanh ResNet,0.0035200564580059315,64,0.00021559705954285328,1,0.2,0.0,central_n64_L16_s5_sw0p65_A1_g1_r0_dt0p02,5,0.65,0.000993788614978095,0.002235785420215291,0.0009508026621077789,0.0006423641662849311,0.0024130661347619427,0.00014796615029624705,0.0006595633231278762,0.0022107237566810034,0.00022558912429283392,0.0,0.002235785420215291,0.004204174314923237,coupled q/r finite-matrix response projection,8.0,32.0,0.0022190920345599332,2.482534153247273e-16,0.002219092034559865,1.5700924586837752e-16,ordinary Euclidean muP gradient flow
1.0,False,91223842b0e681fe8f896e359909d9fcca08d34d2d3bf7cc88c734a4658a1fd6,6da0ada455039df8420e0e657fb3ff9f34c16118ea205960c798fbf6390bd4a4,16,0.02,32.0,1.3866695599588098e-32,0.6351561251610822,0.5474199924969121,2.516105066550061,8.0,32.0,1.0,15,0.96,central,32.0,fixed-step classical RK4,0.004778186020354489,1.980332584828357e-05,1.8488927466117464e-32,K2,dense unconstrained 1/L residual tanh ResNet,0.0002430070313167144,64,2.2333697735167025e-05,2,0.48,0.0,central_n64_L16_s5_sw0p65_A1_g1_r0_dt0p02,5,0.65,6.923594887110282e-05,0.00015434740439802209,7.375742529202088e-05,4.14131205133301e-05,3.886348564757587e-05,7.616999074311348e-06,4.738103884957974e-05,0.00013637219572388992,2.336877564554979e-05,0.0,0.00014732074962438884,0.0003430052162502372,coupled q/r finite-matrix response projection,8.0,32.0,0.0001503983145543727,3.188872858294072e-16,0.00015039831455416006,1.6653345369377348e-16,ordinary Euclidean muP gradient flow
1.0,False,91223842b0e681fe8f896e359909d9fcca08d34d2d3bf7cc88c734a4658a1fd6,6da0ada455039df8420e0e657fb3ff9f34c16118ea205960c798fbf6390bd4a4,16,0.02,32.0,1.3866695599588098e-32,0.6351561251610822,0.5474199924969121,2.516105066550061,8.0,32.0,1.0,16,1.8,central,32.0,fixed-step classical RK4,0.00016091806967443567,6.514314445489561e-07,0.0,K3,dense unconstrained 1/L residual tanh ResNet,7.990308666261033e-06,64,7.50092575571862e-07,3,0.4,0.0,central_n64_L16_s5_sw0p65_A1_g1_r0_dt0p02,5,0.65,3.376324508860981e-06,5.075093491303373e-06,4.1692569379806795e-06,2.2748318093514686e-06,4.644982300987398e-06,3.4113084540488003e-07,1.4336449643589605e-06,3.310842589647913e-06,7.848563780072289e-07,0.0,5.075093491303373e-06,1.0141155016480917e-05,coupled q/r finite-matrix response projection,8.0,32.0,5.072621823786117e-06,3.554447978966673e-16,5.072621823756954e-06,1.6653345369377348e-16,ordinary Euclidean muP gradient flow
1.0,False,91223842b0e681fe8f896e359909d9fcca08d34d2d3bf7cc88c734a4658a1fd6,958f3fb2131acf8fe89abd59e75d47c2c8d54150dc45bb4b7ec82676c05f31ed,16,0.02,32.0,7.703719777548943e-33,0.6595000929501457,0.4215459760954464,2.172562090151613,8.0,32.0,1.0,15,0.84,central,32.0,fixed-step classical RK4,0.8920204396598721,0.008492037835197351,0.0,K0,dense unconstrained 1/L residual tanh ResNet,0.047790402505204,64,0.009618800868529101,0,0.52,0.0,central_n64_L16_s6_sw0p65_A1_g1_r0_dt0p02,6,0.65,0.011484177430719288,0.03151777489430691,0.023784588847000795,0.0064108103356364625,0.03336865350649507,0.002864174625542573,0.019384044912122148,0.02070368447958338,0.009618800868529101,0.0,0.028522046516082422,0.06856000867541488,coupled q/r finite-matrix response projection,8.0,32.0,0.02800251365353068,5.23691153334427e-16,0.02800251365353056,1.2412670766236366e-16,ordinary Euclidean muP gradient flow
1.0,False,91223842b0e681fe8f896e359909d9fcca08d34d2d3bf7cc88c734a4658a1fd6,958f3fb2131acf8fe89abd59e75d47c2c8d54150dc45bb4b7ec82676c05f31ed,16,0.02,32.0,7.703719777548943e-33,0.6595000929501457,0.4215459760954464,2.172562090151613,8.0,32.0,1.0,14,0.88,central,32.0,fixed-step classical RK4,0.057199256780015334,0.0002867389342116338,6.77927340424307e-32,K1,dense unconstrained 1/L residual tanh ResNet,0.002897479010409462,64,0.0003181695313111954,1,0.56,0.0,central_n64_L16_s6_sw0p65_A1_g1_r0_dt0p02,6,0.65,0.000829207411673625,0.0019108876766861362,0.0014827016987374354,0.0005019701044133293,0.0013994081851550512,6.401843084446329e-05,0.0003644049016651486,0.0013247688444453097,0.0003181695313111954,0.0,0.001794231307978433,0.004396823363220233,coupled q/r finite-matrix response projection,8.0,32.0,0.00179930558922225,2.2887833992611187e-16,0.0017993055892222274,1.2412670766236366e-16,ordinary Euclidean muP gradient flow
1.0,False,91223842b0e681fe8f896e359909d9fcca08d34d2d3bf7cc88c734a4658a1fd6,958f3fb2131acf8fe89abd59e75d47c2c8d54150dc45bb4b7ec82676c05f31ed,16,0.02,32.0,7.703719777548943e-33,0.6595000929501457,0.4215459760954464,2.172562090151613,8.0,32.0,1.0,16,1.24,central,32.0,fixed-step classical RK4,0.004378357524744937,9.37467067585142e-06,0.0,K2,dense unconstrained 1/L residual tanh ResNet,0.00021055809718752025,64,1.1623491983180944e-05,2,0.2,0.0,central_n64_L16_s6_sw0p65_A1_g1_r0_dt0p02,6,0.65,5.245851525673912e-05,0.0001388630846665754,0.00010681427034822117,3.6692735755087925e-05,0.00014921501482398876,6.157025442099506e-06,1.943723710958001e-05,8.877959053415012e-05,1.1623491983180944e-05,0.0,0.0001388630846665754,0.00034593065597902624,coupled q/r finite-matrix response projection,8.0,32.0,0.00013805929758212276,2.220446049250313e-16,0.0001380592975820881,1.1102230246251565e-16,ordinary Euclidean muP gradient flow
1.0,False,91223842b0e681fe8f896e359909d9fcca08d34d2d3bf7cc88c734a4658a1fd6,958f3fb2131acf8fe89abd59e75d47c2c8d54150dc45bb4b7ec82676c05f31ed,16,0.02,32.0,7.703719777548943e-33,0.6595000929501457,0.4215459760954464,2.172562090151613,8.0,32.0,1.0,15,4.2,central,32.0,fixed-step classical RK4,0.00021550668432503926,1.2014825741514151e-06,0.0,K3,dense unconstrained 1/L residual tanh ResNet,1.035391629123594e-05,64,1.7430625276955652e-06,3,0.32,0.0,central_n64_L16_s6_sw0p65_A1_g1_r0_dt0p02,6,0.65,3.0405121871256114e-06,6.828408756468129e-06,4.1379159996142005e-06,2.0303264164608515e-06,1.2512636876025763e-05,8.220053862029175e-07,4.34578157608658e-06,5.431833888536719e-06,1.7430625276955652e-06,0.0,4.186780855592926e-06,1.3837414192917789e-05,coupled q/r finite-matrix response projection,8.0,32.0,6.828408194491425e-06,2.220446049250313e-16,6.828408194491425e-06,1.5700924586837752e-16,ordinary Euclidean muP gradient flow
1.0,False,91223842b0e681fe8f896e359909d9fcca08d34d2d3bf7cc88c734a4658a1fd6,13ce51e28b4add4cc049e4dca90ba74230bef6ad4fd8cf879527daafdc8fc381,8,0.01,4.0,5.029570098501959e-12,0.7305644022351149,0.5797689729724737,2.0947011947710052,,,1.0,7,1.0,control,4.0,fixed-step classical RK4,0.2857570223418701,0.017953491983430218,0.0,K0,dense unconstrained 1/L residual tanh ResNet,0.11176699046021947,32,0.016754748570915426,0,0.6,0.0,control_n32_L8_s15_sw0p65_A1_g1_r0_dt0p01,15,0.65,0.02856970490416315,0.08165298457518802,0.045534680950926824,0.015424895821970753,0.04815812887290775,0.006422632550874302,0.04468149399574521,0.06777759748422184,0.018041784474242567,0.0,0.058575418402848876,0.1622437591598335,coupled q/r finite-matrix response projection,,,0.07732158885956038,0.0010964636064640539,0.0765873598611521,4.061997267892783e-06,ordinary Euclidean muP gradient flow
1.0,False,91223842b0e681fe8f896e359909d9fcca08d34d2d3bf7cc88c734a4658a1fd6,13ce51e28b4add4cc049e4dca90ba74230bef6ad4fd8cf879527daafdc8fc381,8,0.01,4.0,5.029570098501959e-12,0.7305644022351149,0.5797689729724737,2.0947011947710052,,,1.0,8,1.8,control,4.0,fixed-step classical RK4,0.022627871893176218,0.00041058609421058964,0.0,K1,dense unconstrained 1/L residual tanh ResNet,0.008419879019051201,32,0.00039196155658982,1,0.68,0.0,control_n32_L8_s15_sw0p65_A1_g1_r0_dt0p01,15,0.65,0.0034043064932442755,0.006151263882445126,0.003258399909763211,0.0015682056572781137,0.0011713736240779049,8.756403664397089e-05,0.0032065058666067526,0.00523073212072277,0.0004220705489104089,0.0,0.006151263882445126,0.006108921590790921,coupled q/r finite-matrix response projection,,,0.006151068116069425,2.7102816757889422e-05,0.006150434010858102,7.916711825522935e-08,ordinary Euclidean muP gradient flow
1.0,False,91223842b0e681fe8f896e359909d9fcca08d34d2d3bf7cc88c734a4658a1fd6,13ce51e28b4add4cc049e4dca90ba74230bef6ad4fd8cf879527daafdc8fc381,8,0.01,4.0,5.029570098501959e-12,0.7305644022351149,0.5797689729724737,2.0947011947710052,,,1.0,4,4.0,control,4.0,fixed-step classical RK4,0.0010536295377079322,4.4340889961315335e-05,0.0,K2,dense unconstrained 1/L residual tanh ResNet,0.0003885281016754861,32,4.887640962111101e-05,2,0.48,0.0,control_n32_L8_s15_sw0p65_A1_g1_r0_dt0p01,15,0.65,0.00027149798432958447,0.0002838448003520954,0.0002461626146309441,0.00013110099055653246,0.000148586877994007,8.890692728025229e-06,0.0002838448003520954,0.00014132175290795899,5.2630909054023534e-05,0.0,0.0002756457421595646,0.0007540798066231631,coupled q/r finite-matrix response projection,,,0.0002838448003520954,1.2863596313517633e-06,0.0002838448003520954,3.1891482400450705e-09,ordinary Euclidean muP gradient flow
1.0,False,91223842b0e681fe8f896e359909d9fcca08d34d2d3bf7cc88c734a4658a1fd6,13ce51e28b4add4cc049e4dca90ba74230bef6ad4fd8cf879527daafdc8fc381,8,0.01,4.0,5.029570098501959e-12,0.7305644022351149,0.5797689729724737,2.0947011947710052,,,1.0,8,0.52,control,4.0,fixed-step classical RK4,1.1664173423163927e-09,2.45387010351829e-10,0.0,K8,dense unconstrained 1/L residual tanh ResNet,5.225095871126565e-10,32,2.795241121377403e-10,8,0.44,0.0,control_n32_L8_s15_sw0p65_A1_g1_r0_dt0p01,15,0.65,1.5914971879355093e-10,3.8172690417107455e-10,2.423160390346217e-10,4.694620508014273e-11,2.2364469605934864e-10,1.4059831077162244e-10,2.8256629006074117e-10,2.9661908396119346e-10,3.0099608867288306e-10,0.0,3.8172690417107455e-10,3.211592564614101e-09,coupled q/r finite-matrix response projection,,,2.9722024083103995e-10,5.599342218123415e-12,2.9722024083103995e-10,1.3716984065269428e-14,ordinary Euclidean muP gradient flow
1.0,False,91223842b0e681fe8f896e359909d9fcca08d34d2d3bf7cc88c734a4658a1fd6,01c26138bcd55a05d19f22a487c4f3676a9ce0d22b0203710d72b7aff3f4fb5f,32,0.02,32.0,0.0,0.5328451853135774,0.3836006813318365,2.6977727206658204,8.0,32.0,1.0,21,9.68,depth,32.0,fixed-step classical RK4,0.31599400035823605,0.0036976954366039773,4.1600086798764294e-32,K0,dense unconstrained 1/L residual tanh ResNet,0.01877776035010575,64,0.004820999065516677,0,0.44,0.0,depth_n64_L32_s8_sw0p65_A1_g1_r0_dt0p02,8,0.65,0.004279088446326131,0.010005639193526044,0.008405026329579542,0.003014606414814001,0.03024370199161266,0.001274071971644114,0.0058208190929287034,0.006095457581873065,0.004820999065516677,0.0,0.005024916742651241,0.012573426813282818,coupled q/r finite-matrix response projection,8.0,32.0,0.010005639193525123,2.5438405243138006e-16,0.010005639193525049,5.551115123125783e-17,ordinary Euclidean muP gradient flow
1.0,False,91223842b0e681fe8f896e359909d9fcca08d34d2d3bf7cc88c734a4658a1fd6,01c26138bcd55a05d19f22a487c4f3676a9ce0d22b0203710d72b7aff3f4fb5f,32,0.02,32.0,0.0,0.5328451853135774,0.3836006813318365,2.6977727206658204,8.0,32.0,1.0,27,3.96,depth,32.0,fixed-step classical RK4,0.023122448422921608,0.00020149213034772667,3.0814879110195774e-32,K1,dense unconstrained 1/L residual tanh ResNet,0.0013641787693033152,64,0.0003380674841423026,1,0.28,0.0,depth_n64_L32_s8_sw0p65_A1_g1_r0_dt0p02,8,0.65,0.0002728543740525694,0.0007268960891302729,0.0005013626259655694,0.00018920179784443636,0.0025708322167431615,0.0001483539255523192,0.00030321822533799117,0.0006567119988535287,0.0003380674841423026,0.0,0.00067165518861404,0.0015018873399953805,coupled q/r finite-matrix response projection,8.0,32.0,0.0007268960148684475,2.5438405243138006e-16,0.000726896014868398,5.551115123125783e-17,ordinary Euclidean muP gradient flow
1.0,False,91223842b0e681fe8f896e359909d9fcca08d34d2d3bf7cc88c734a4658a1fd6,01c26138bcd55a05d19f22a487c4f3676a9ce0d22b0203710d72b7aff3f4fb5f,32,0.02,32.0,0.0,0.5328451853135774,0.3836006813318365,2.6977727206658204,8.0,32.0,1.0,23,7.92,depth,32.0,fixed-step classical RK4,0.0020647881900753597,1.0967117929411935e-05,0.0,K2,dense unconstrained 1/L residual tanh ResNet,0.00012271928644141025,64,1.5929955492290723e-05,2,0.32,0.0,depth_n64_L32_s8_sw0p65_A1_g1_r0_dt0p02,8,0.65,1.234117126340231e-05,6.539038092542323e-05,5.553064499887152e-05,9.573203509923457e-06,9.945238020390275e-05,5.91764638058212e-06,4.430761641632463e-05,4.003551087152363e-05,1.5929955492290723e-05,0.0,1.9508956219060588e-05,7.191775092866368e-05,coupled q/r finite-matrix response projection,8.0,32.0,6.53903809242891e-05,2.0014830212433605e-16,6.53903809242891e-05,1.2412670766236366e-16,ordinary Euclidean muP gradient flow
1.0,False,91223842b0e681fe8f896e359909d9fcca08d34d2d3bf7cc88c734a4658a1fd6,01c26138bcd55a05d19f22a487c4f3676a9ce0d22b0203710d72b7aff3f4fb5f,32,0.02,32.0,0.0,0.5328451853135774,0.3836006813318365,2.6977727206658204,8.0,32.0,1.0,31,0.88,depth,32.0,fixed-step classical RK4,5.158602451820718e-05,2.3508028515931357e-07,0.0,K3,dense unconstrained 1/L residual tanh ResNet,3.074304278366039e-06,64,3.6535684073527855e-07,3,0.28,0.0,depth_n64_L32_s8_sw0p65_A1_g1_r0_dt0p02,8,0.65,5.012840593474812e-07,1.6381282329162757e-06,1.4131143677073561e-06,3.9349398822182297e-07,2.4310573193528063e-06,1.4359515604356332e-07,2.5636805454561156e-07,9.273792943452168e-07,3.6535684073527855e-07,0.0,1.4355021016753755e-06,2.7862785353272305e-06,coupled q/r finite-matrix response projection,8.0,32.0,1.6215972975414265e-06,2.7194799110210365e-16,1.621597297530429e-06,0.0,ordinary Euclidean muP gradient flow
1.0,False,91223842b0e681fe8f896e359909d9fcca08d34d2d3bf7cc88c734a4658a1fd6,5b93eaf9105aad99413121bf1072b58b2653e44970ae141bceaf5c1b417ab7c9,8,0.02,32.0,1.5407439555097887e-33,0.6872097198263502,0.5815109826705543,2.1799118026779007,8.0,32.0,1.0,8,0.84,depth,32.0,fixed-step classical RK4,1.555601958137812,0.012175008457586638,5.546678239835239e-32,K0,dense unconstrained 1/L residual tanh ResNet,0.07551294683926082,64,0.012139120762525704,0,0.52,0.0,depth_n64_L8_s8_sw0p65_A1_g1_r0_dt0p02,8,0.65,0.023750117504572125,0.05189323104067051,0.03424662600054492,0.015023853413708594,0.03875155981854957,0.004722518156599964,0.019184317440270406,0.039032618754746354,0.013091252227425887,0.0,0.05189323104067051,0.12390129612801065,coupled q/r finite-matrix response projection,8.0,32.0,0.04894256739790391,2.5438405243138006e-16,0.04894256739790391,1.1102230246251565e-16,ordinary Euclidean muP gradient flow
1.0,False,91223842b0e681fe8f896e359909d9fcca08d34d2d3bf7cc88c734a4658a1fd6,5b93eaf9105aad99413121bf1072b58b2653e44970ae141bceaf5c1b417ab7c9,8,0.02,32.0,1.5407439555097887e-33,0.6872097198263502,0.5815109826705543,2.1799118026779007,8.0,32.0,1.0,6,3.16,depth,32.0,fixed-step classical RK4,0.10127191159905996,0.00018683256992930061,5.546678239835239e-32,K1,dense unconstrained 1/L residual tanh ResNet,0.0046676953821231815,64,0.00020416217919916197,1,0.36,0.0,depth_n64_L8_s8_sw0p65_A1_g1_r0_dt0p02,8,0.65,0.0025848203521277465,0.0032076856357836202,0.0030948762684104036,0.001519789819121961,0.0009155967723863086,0.00010254482123686626,0.001856616848200631,0.0009539555053631351,0.00022017563178447643,0.0,0.0011662086782468978,0.004322406623550505,coupled q/r finite-matrix response projection,8.0,32.0,0.0032076210161753886,2.5438405243138006e-16,0.0032076210161753336,1.1102230246251565e-16,ordinary Euclidean muP gradient flow
1.0,False,91223842b0e681fe8f896e359909d9fcca08d34d2d3bf7cc88c734a4658a1fd6,5b93eaf9105aad99413121bf1072b58b2653e44970ae141bceaf5c1b417ab7c9,8,0.02,32.0,1.5407439555097887e-33,0.6872097198263502,0.5815109826705543,2.1799118026779007,8.0,32.0,1.0,8,1.2,depth,32.0,fixed-step classical RK4,0.014509522067153086,4.916133944268651e-05,4.3140830754274083e-32,K2,dense unconstrained 1/L residual tanh ResNet,0.0006701958703669375,64,4.936528304782697e-05,2,0.48,0.0,depth_n64_L8_s8_sw0p65_A1_g1_r0_dt0p02,8,0.65,0.000219360301292449,0.00046056511630364,0.0004140227526721766,0.00012792154642029375,0.00012421290728528768,1.777850386988633e-05,7.203807168403836e-05,0.00021728238371367863,5.323724710379376e-05,0.0,0.00046056511630364,0.000786621538631665,coupled q/r finite-matrix response projection,8.0,32.0,0.0004569122362728215,2.5438405243138006e-16,0.0004569122362727743,1.2412670766236366e-16,ordinary Euclidean muP gradient flow
1.0,False,91223842b0e681fe8f896e359909d9fcca08d34d2d3bf7cc88c734a4658a1fd6,5b93eaf9105aad99413121bf1072b58b2653e44970ae141bceaf5c1b417ab7c9,8,0.02,32.0,1.5407439555097887e-33,0.6872097198263502,0.5815109826705543,2.1799118026779007,8.0,32.0,1.0,7,10.48,depth,32.0,fixed-step classical RK4,0.00044228209014460186,5.38334968867614e-06,1.0477058897466563e-31,K3,dense unconstrained 1/L residual tanh ResNet,2.0306327482761417e-05,64,5.795552983635264e-06,3,0.4,0.0,depth_n64_L8_s8_sw0p65_A1_g1_r0_dt0p02,8,0.65,1.6282775017292514e-05,1.3954705620130587e-05,1.089945925773858e-05,8.739298183196622e-06,3.0248254113281377e-05,2.9486216191754178e-06,1.2185218444867837e-05,9.429247844283151e-06,6.250126956508992e-06,0.0,1.0199712009679294e-05,2.2186835225178584e-05,coupled q/r finite-matrix response projection,8.0,32.0,1.3954705619414272e-05,2.5438405243138006e-16,1.3954705619414272e-05,2.220446049250313e-16,ordinary Euclidean muP gradient flow
0.95,False,91223842b0e681fe8f896e359909d9fcca08d34d2d3bf7cc88c734a4658a1fd6,954799321254672619e6d51fc1196d5bc227b7950a142515d8c5d0e5d8546423,16,0.02,32.0,1.3866695599588098e-32,0.7868680618939068,0.6543755867455371,2.0483881839592084,8.0,32.0,1.05,16,0.76,neighborhood,32.0,fixed-step classical RK4,0.6960540335800238,0.014484944239265904,7.703719777548943e-33,K0,dense unconstrained 1/L residual tanh ResNet,0.028491748381956273,64,0.012891149393177006,0,0.6,0.0,neighborhood_n64_L16_s11_sw0p6_A0p95_g1p05_r0_dt0p02,11,0.6,0.013817539226234837,0.02241924682927879,0.013983487451027758,0.010120245579112445,0.05740863491324804,0.004993619270378183,0.01566239862874335,0.01856445167535669,0.014747560396691917,0.0,0.02241924682927879,0.05007810918673649,coupled q/r finite-matrix response projection,8.0,32.0,0.022037770288941837,3.7238012298709097e-16,0.022037770288941837,5.551115123125783e-17,ordinary Euclidean muP gradient flow
0.95,False,91223842b0e681fe8f896e359909d9fcca08d34d2d3bf7cc88c734a4658a1fd6,954799321254672619e6d51fc1196d5bc227b7950a142515d8c5d0e5d8546423,16,0.02,32.0,1.3866695599588098e-32,0.7868680618939068,0.6543755867455371,2.0483881839592084,8.0,32.0,1.05,10,10.4,neighborhood,32.0,fixed-step classical RK4,0.07015452736330237,0.0005836924693720578,3.0814879110195774e-32,K1,dense unconstrained 1/L residual tanh ResNet,0.00284295188101313,64,0.0005039410585028467,1,0.64,0.0,neighborhood_n64_L16_s11_sw0p6_A0p95_g1p05_r0_dt0p02,11,0.6,0.0011665559783432347,0.0022370280366704382,0.0015055698559105033,0.0007689368781462958,0.0023905358544008765,0.00019550808588414403,0.002011836756842171,0.0016545554829540852,0.000576511912939053,0.0,0.000508910435271097,0.0016470629203167526,coupled q/r finite-matrix response projection,8.0,32.0,0.0022370280366698506,1.5700924586837752e-16,0.0022370280366696997,5.551115123125783e-17,ordinary Euclidean muP gradient flow
0.95,False,91223842b0e681fe8f896e359909d9fcca08d34d2d3bf7cc88c734a4658a1fd6,954799321254672619e6d51fc1196d5bc227b7950a142515d8c5d0e5d8546423,16,0.02,32.0,1.3866695599588098e-32,0.7868680618939068,0.6543755867455371,2.0483881839592084,8.0,32.0,1.05,16,0.76,neighborhood,32.0,fixed-step classical RK4,0.002380622550578092,1.0530142356927152e-05,4.930380657631324e-32,K2,dense unconstrained 1/L residual tanh ResNet,9.661130096582475e-05,64,8.10026850318007e-06,2,0.44,0.0,neighborhood_n64_L16_s11_sw0p6_A0p95_g1p05_r0_dt0p02,11,0.6,6.588988608356713e-05,7.602034714802744e-05,7.014737127693635e-05,5.13848789482406e-05,7.468180822371813e-05,2.8162998764735825e-06,2.131230394293659e-05,4.6405442846151094e-05,9.2667608866046e-06,0.0,7.602034714802744e-05,0.00011002104526126457,coupled q/r finite-matrix response projection,8.0,32.0,7.481138112507165e-05,2.2887833992611187e-16,7.481138112503061e-05,0.0,ordinary Euclidean muP gradient flow
0.95,False,91223842b0e681fe8f896e359909d9fcca08d34d2d3bf7cc88c734a4658a1fd6,954799321254672619e6d51fc1196d5bc227b7950a142515d8c5d0e5d8546423,16,0.02,32.0,1.3866695599588098e-32,0.7868680618939068,0.6543755867455371,2.0483881839592084,8.0,32.0,1.05,15,9.68,neighborhood,32.0,fixed-step classical RK4,0.00019970821453300523,5.822807099910351e-07,0.0,K3,dense unconstrained 1/L residual tanh ResNet,7.996956444391658e-06,64,7.627631282437447e-07,3,0.24,0.0,neighborhood_n64_L16_s11_sw0p6_A0p95_g1p05_r0_dt0p02,11,0.6,3.5046307693054464e-06,6.292549618448451e-06,3.88727939466004e-06,2.703143236548685e-06,1.0418803406378396e-05,6.27488159932188e-07,2.206051306048981e-06,4.953394946882855e-06,8.726060771662513e-07,0.0,6.1521881297996836e-06,1.4505174356901076e-05,coupled q/r finite-matrix response projection,8.0,32.0,6.292549617371825e-06,2.2887833992611187e-16,6.2925496173648054e-06,1.1102230246251565e-16,ordinary Euclidean muP gradient flow
1.05,False,91223842b0e681fe8f896e359909d9fcca08d34d2d3bf7cc88c734a4658a1fd6,8c3aa0cbc24e9293fc557dcef281c3ce7afc0d96aa7a505721a187ebba6cb147,16,0.02,32.0,7.703719777548943e-33,0.6061623152692905,0.6363004104247353,2.1088126651860337,8.0,32.0,0.95,13,0.88,neighborhood,32.0,fixed-step classical RK4,1.176300244810227,0.011229534247889215,1.232595164407831e-32,K0,dense unconstrained 1/L residual tanh ResNet,0.06964617204239194,64,0.010442607328610071,0,0.68,0.0,neighborhood_n64_L16_s12_sw0p7_A1p05_g0p95_r0_dt0p02,12,0.7,0.0118674768951742,0.042216884894859634,0.02679896138312302,0.009742613893263813,0.023779348841182137,0.003228117482251866,0.025562158708859885,0.03386041729769379,0.011780264647586653,0.0,0.03981291440270582,0.12447534100931791,coupled q/r finite-matrix response projection,8.0,32.0,0.03690782269313309,1.6653345369377348e-16,0.03690782269313308,1.1102230246251565e-16,ordinary Euclidean muP gradient flow
1.05,False,91223842b0e681fe8f896e359909d9fcca08d34d2d3bf7cc88c734a4658a1fd6,8c3aa0cbc24e9293fc557dcef281c3ce7afc0d96aa7a505721a187ebba6cb147,16,0.02,32.0,7.703719777548943e-33,0.6061623152692905,0.6363004104247353,2.1088126651860337,8.0,32.0,0.95,11,1.04,neighborhood,32.0,fixed-step classical RK4,0.06283209372650023,0.00041299403540572113,1.6948183510607676e-32,K1,dense unconstrained 1/L residual tanh ResNet,0.0033948017956972466,64,0.00035773348626352597,1,0.76,0.0,neighborhood_n64_L16_s12_sw0p7_A1p05_g0p95_r0_dt0p02,12,0.7,0.0008802833152232394,0.002057800916360188,0.001755285307939126,0.0006777947273459202,0.0031776398710928674,0.00013488447504317325,0.000725468535281747,0.0012862000903403582,0.0004035577522811113,0.0,0.0016655808625663556,0.005333593073796339,coupled q/r finite-matrix response projection,8.0,32.0,0.001980536610862531,1.2412670766236366e-16,0.001980536610862531,0.0,ordinary Euclidean muP gradient flow
1.05,False,91223842b0e681fe8f896e359909d9fcca08d34d2d3bf7cc88c734a4658a1fd6,8c3aa0cbc24e9293fc557dcef281c3ce7afc0d96aa7a505721a187ebba6cb147,16,0.02,32.0,7.703719777548943e-33,0.6061623152692905,0.6363004104247353,2.1088126651860337,8.0,32.0,0.95,16,11.24,neighborhood,32.0,fixed-step classical RK4,0.0037102087020526447,1.3489898231422404e-05,0.0,K2,dense unconstrained 1/L residual tanh ResNet,0.00019323361530020433,64,1.1023480173097645e-05,2,0.68,0.0,neighborhood_n64_L16_s12_sw0p7_A1p05_g0p95_r0_dt0p02,12,0.7,6.0856673140575745e-05,0.00011713093563822725,9.674627922067642e-05,4.283300747045652e-05,5.333524224995389e-05,4.0621866235768245e-06,5.55646030631142e-05,8.601624561673923e-05,1.2435545040627234e-05,0.0,0.00011713093563822725,0.00013318668622832927,coupled q/r finite-matrix response projection,8.0,32.0,0.00011713093563797232,1.5700924586837752e-16,0.0001171309356378958,0.0,ordinary Euclidean muP gradient flow
1.05,False,91223842b0e681fe8f896e359909d9fcca08d34d2d3bf7cc88c734a4658a1fd6,8c3aa0cbc24e9293fc557dcef281c3ce7afc0d96aa7a505721a187ebba6cb147,16,0.02,32.0,7.703719777548943e-33,0.6061623152692905,0.6363004104247353,2.1088126651860337,8.0,32.0,0.95,16,0.76,neighborhood,32.0,fixed-step classical RK4,0.00014619741990550401,1.15792645851797e-06,4.622231866529366e-33,K3,dense unconstrained 1/L residual tanh ResNet,8.040450677360247e-06,64,1.2553416066069908e-06,3,0.4,0.0,neighborhood_n64_L16_s12_sw0p7_A1p05_g0p95_r0_dt0p02,12,0.7,3.4457748559705677e-06,4.873818198397223e-06,4.528498734112832e-06,2.2648477252731725e-06,7.090328970746525e-06,3.5105554513359394e-07,2.1156044202600807e-06,2.951304885227753e-06,1.4161459761529985e-06,0.0,4.873818198397223e-06,1.0450140393240981e-05,coupled q/r finite-matrix response projection,8.0,32.0,4.591193627489078e-06,1.2412670766236366e-16,4.591193627471779e-06,0.0,ordinary Euclidean muP gradient flow
1.0,False,91223842b0e681fe8f896e359909d9fcca08d34d2d3bf7cc88c734a4658a1fd6,2cd2c0a22c7eb3f70ecf36ae441265d764b18f17927730ed343f40ed76ddb65b,16,0.005,8.0,7.085999506463313e-20,0.5779860273549864,0.720778696400766,2.0798753008318087,,,1.0,12,8.0,refinement,8.0,fixed-step classical RK4,0.011531996854486363,0.00017758394297432965,0.0,K1,dense unconstrained 1/L residual tanh ResNet,0.0025617798478118404,64,0.00027252746518465344,1,0.24,0.0,refinement_n64_L16_s4_sw0p65_A1_g1_r0_dt0p005,4,0.65,0.0011748332666999893,0.0014806729571948272,0.0010447088545429213,0.0006259807534199442,0.00198159922107261,0.00019976289899120703,0.0007936165355237079,0.0011415378503164563,0.00032720975719960664,0.0,0.000831873386084906,0.0022428964241329925,coupled q/r finite-matrix response projection,,,0.0014806729571948272,9.005154870060483e-08,0.0014806729571948272,6.456056014893464e-12,ordinary Euclidean muP gradient flow
1.0,False,91223842b0e681fe8f896e359909d9fcca08d34d2d3bf7cc88c734a4658a1fd6,2cd2c0a22c7eb3f70ecf36ae441265d764b18f17927730ed343f40ed76ddb65b,16,0.005,8.0,7.085999506463313e-20,0.5779860273549864,0.720778696400766,2.0798753008318087,,,1.0,14,4.28,refinement,8.0,fixed-step classical RK4,0.0012647805358369532,8.305370511650894e-06,0.0,K2,dense unconstrained 1/L residual tanh ResNet,0.0002837146481972563,64,9.539733134560741e-06,2,0.2,0.0,refinement_n64_L16_s4_sw0p65_A1_g1_r0_dt0p005,4,0.65,7.257538403629059e-05,0.00016398310241394972,0.0001101276134087085,3.343785342140516e-05,0.00014537898123442023,8.129676657198104e-06,5.34277949772251e-05,0.00012187329791820392,1.1453868550803369e-05,0.0,0.00012661451370610754,0.0002812286069992321,coupled q/r finite-matrix response projection,,,0.00016398310241394972,2.3386844294900917e-09,0.00016398308130530204,8.992719120375281e-14,ordinary Euclidean muP gradient flow
1.0,False,91223842b0e681fe8f896e359909d9fcca08d34d2d3bf7cc88c734a4658a1fd6,2cd2c0a22c7eb3f70ecf36ae441265d764b18f17927730ed343f40ed76ddb65b,16,0.005,8.0,7.085999506463313e-20,0.5779860273549864,0.720778696400766,2.0798753008318087,,,1.0,16,1.28,refinement,8.0,fixed-step classical RK4,6.00521337318813e-05,7.55457326924755e-07,0.0,K3,dense unconstrained 1/L residual tanh ResNet,1.343153455652701e-05,64,8.334510346388419e-07,3,0.28,0.0,refinement_n64_L16_s4_sw0p65_A1_g1_r0_dt0p005,4,0.65,3.753291143268062e-06,7.763239299608266e-06,6.080295593727372e-06,2.1548751812320353e-06,9.5916847479218e-06,5.82045155628208e-07,9.233975298528189e-07,4.958344358375606e-06,1.000681933093081e-06,0.0,7.763239299608266e-06,1.3765740674425434e-05,coupled q/r finite-matrix response projection,,,7.72339919673244e-06,4.3553273387938443e-10,7.723217441123316e-06,2.624456628254708e-14,ordinary Euclidean muP gradient flow
1.0,False,91223842b0e681fe8f896e359909d9fcca08d34d2d3bf7cc88c734a4658a1fd6,ff26e856757e5cc7d02c694878ace0a6f77dfb64b24bef2dfc76e78cbc482f24,16,0.01,8.0,7.086011616052598e-20,0.5779860184286295,0.720778696400766,2.079875293849368,,,1.0,12,8.0,refinement,8.0,fixed-step classical RK4,0.01153199460172509,0.00017758439274379972,0.0,K1,dense unconstrained 1/L residual tanh ResNet,0.0025617793176498154,64,0.0002725279571289046,1,0.24,0.0,refinement_n64_L16_s4_sw0p65_A1_g1_r0_dt0p01,4,0.65,0.0011748333005680827,0.0014806726279012281,0.0010447085168776697,0.0006259807675520981,0.001981597680267185,0.00019976319452130742,0.0007936168479916007,0.001141537705567374,0.000327210347851851,0.0,0.0008318735731461189,0.0022429061534749548,coupled q/r finite-matrix response projection,,,0.0014806726279012281,9.005129486079019e-08,0.0014806726279012281,6.455466871200763e-12,ordinary Euclidean muP gradient flow
1.0,False,91223842b0e681fe8f896e359909d9fcca08d34d2d3bf7cc88c734a4658a1fd6,ff26e856757e5cc7d02c694878ace0a6f77dfb64b24bef2dfc76e78cbc482f24,16,0.01,8.0,7.086011616052598e-20,0.5779860184286295,0.720778696400766,2.079875293849368,,,1.0,14,4.28,refinement,8.0,fixed-step classical RK4,0.0012647857519134157,8.305339865599117e-06,0.0,K2,dense unconstrained 1/L residual tanh ResNet,0.0002837159064134777,64,9.540156469779411e-06,2,0.2,0.0,refinement_n64_L16_s4_sw0p65_A1_g1_r0_dt0p01,4,0.65,7.25753849356773e-05,0.00016398382711279566,0.00011012796994893908,3.343785575363095e-05,0.00014537898123442023,8.12992936238821e-06,5.342852133839592e-05,0.00012187385960338589,1.14543768276995e-05,0.0,0.0001266149709572934,0.0002812193033298979,coupled q/r finite-matrix response projection,,,0.00016398382711279566,2.3384408451884127e-09,0.00016398380607680646,8.967738429398948e-14,ordinary Euclidean muP gradient flow
1.0,False,91223842b0e681fe8f896e359909d9fcca08d34d2d3bf7cc88c734a4658a1fd6,ff26e856757e5cc7d02c694878ace0a6f77dfb64b24bef2dfc76e78cbc482f24,16,0.01,8.0,7.086011616052598e-20,0.5779860184286295,0.720778696400766,2.079875293849368,,,1.0,16,1.28,refinement,8.0,fixed-step classical RK4,6.005294502425996e-05,7.560205708661399e-07,0.0,K3,dense unconstrained 1/L residual tanh ResNet,1.3431776955478267e-05,64,8.339958006797185e-07,3,0.28,0.0,refinement_n64_L16_s4_sw0p65_A1_g1_r0_dt0p01,4,0.65,3.753323884097002e-06,7.763379282918303e-06,6.080292481509365e-06,2.1548670725111165e-06,9.5916847479218e-06,5.823629555812282e-07,9.233213890086847e-07,4.958769907464711e-06,1.0013360057526753e-06,0.0,7.763379282918303e-06,1.377662247400222e-05,coupled q/r finite-matrix response projection,,,7.723475374762538e-06,4.357965631978039e-10,7.723293526047872e-06,2.684772023338895e-14,ordinary Euclidean muP gradient flow
1.0,False,91223842b0e681fe8f896e359909d9fcca08d34d2d3bf7cc88c734a4658a1fd6,05ec07ee376af5fdefdec9bcd58bb5f5d8d0f79830993eb76114ea03cbbda72c,16,0.02,32.0,7.703719777548943e-33,0.027559058777176036,0.0003272881095811291,3.098508343604624,8.0,32.0,1.0,16,0.43999999999999995,restart,32.0,fixed-step classical RK4,0.03019498546765645,0.00034960746189906586,0.0,K0,dense unconstrained 1/L residual tanh ResNet,0.04099036269937057,64,0.0004431392147467187,0,0.28,1.0,restart_n64_L16_s13_sw0p65_A1_g1_r1_dt0p02,13,0.65,0.00024892164087479,0.0011296558149297177,0.0005966265569903238,0.0001610650538738285,0.004522341063809189,5.533732575198992e-06,0.0003209990144826113,0.0009599368825508916,0.0004431392147467187,0.0,0.0011296558149297177,0.002582787775070682,coupled q/r finite-matrix response projection,8.0,32.0,0.0009419444604009772,1.5700924586837752e-16,0.0009419444604009772,1.1102230246251565e-16,ordinary Euclidean muP gradient flow
1.0,False,91223842b0e681fe8f896e359909d9fcca08d34d2d3bf7cc88c734a4658a1fd6,05ec07ee376af5fdefdec9bcd58bb5f5d8d0f79830993eb76114ea03cbbda72c,16,0.02,32.0,7.703719777548943e-33,0.027559058777176036,0.0003272881095811291,3.098508343604624,8.0,32.0,1.0,12,9.120000000000001,restart,32.0,fixed-step classical RK4,0.0016151088780810919,6.4643840416024695e-06,0.0,K1,dense unconstrained 1/L residual tanh ResNet,0.0018498847182609488,64,9.146303373954183e-06,1,0.24,1.0,restart_n64_L16_s13_sw0p65_A1_g1_r1_dt0p02,13,0.65,2.1873500712659894e-05,5.0981081681553216e-05,3.5155004706312906e-05,1.3109806742987473e-05,0.00010101978857415827,1.1404647149779851e-07,2.0132216392340888e-05,3.692148877753538e-05,9.146303373954183e-06,0.0,4.5972425345221514e-05,0.000105205917291115,coupled q/r finite-matrix response projection,8.0,32.0,5.0981081681308674e-05,1.1102230246251565e-16,5.098108168122004e-05,5.551115123125783e-17,ordinary Euclidean muP gradient flow
1.0,False,91223842b0e681fe8f896e359909d9fcca08d34d2d3bf7cc88c734a4658a1fd6,05ec07ee376af5fdefdec9bcd58bb5f5d8d0f79830993eb76114ea03cbbda72c,16,0.02,32.0,7.703719777548943e-33,0.027559058777176036,0.0003272881095811291,3.098508343604624,8.0,32.0,1.0,15,8.36,restart,32.0,fixed-step classical RK4,0.00011211590848973448,6.179886354423402e-07,0.0,K2,dense unconstrained 1/L residual tanh ResNet,0.00012841944636942352,64,7.488490356205241e-07,2,0.28,1.0,restart_n64_L16_s13_sw0p65_A1_g1_r1_dt0p02,13,0.65,1.2426982030921668e-06,3.5391190706273487e-06,1.5239496491769606e-06,8.179617907370582e-07,6.843134944064433e-06,3.772747421437218e-09,1.4185006783324596e-06,3.3122242417649114e-06,7.488490356205241e-07,0.0,2.9203244189104085e-06,7.561213541506134e-06,coupled q/r finite-matrix response projection,8.0,32.0,3.5391190698039975e-06,1.6653345369377348e-16,3.539119069778316e-06,5.551115123125783e-17,ordinary Euclidean muP gradient flow
1.0,False,91223842b0e681fe8f896e359909d9fcca08d34d2d3bf7cc88c734a4658a1fd6,05ec07ee376af5fdefdec9bcd58bb5f5d8d0f79830993eb76114ea03cbbda72c,16,0.02,32.0,7.703719777548943e-33,0.027559058777176036,0.0003272881095811291,3.098508343604624,8.0,32.0,1.0,15,7.0,restart,32.0,fixed-step classical RK4,6.953623427696565e-06,2.1641575473159076e-08,0.0,K3,dense unconstrained 1/L residual tanh ResNet,7.958364132171644e-06,64,2.6086144918419874e-08,3,0.32000000000000006,1.0,restart_n64_L16_s13_sw0p65_A1_g1_r1_dt0p02,13,0.65,5.824734258421155e-08,2.1932502488868788e-07,9.974687636663836e-08,4.122224764983649e-08,2.3475564835609946e-07,1.3929691033726533e-10,5.321646078532016e-08,1.988685291811625e-07,2.6086144918419874e-08,0.0,1.3666026265568247e-07,2.6219520801926665e-07,coupled q/r finite-matrix response projection,8.0,32.0,2.1932502416763888e-07,2.0014830212433605e-16,2.1932502415280686e-07,1.2412670766236366e-16,ordinary Euclidean muP gradient flow
1.0,False,91223842b0e681fe8f896e359909d9fcca08d34d2d3bf7cc88c734a4658a1fd6,8cf81fb9655788d89b3efeb3dabb4688161e4431d67390f19a938297e02f497e,16,0.02,32.0,1.232595164407831e-32,0.06404493217864261,0.001583662601604963,2.6904237914919813,8.0,32.0,1.0,16,0.48,restart,32.0,fixed-step classical RK4,0.060620277588004146,0.001152316928427923,0.0,K0,dense unconstrained 1/L residual tanh ResNet,0.04173145054843423,64,0.0011979092532148684,0,0.32000000000000006,1.0,restart_n64_L16_s14_sw0p65_A1_g1_r1_dt0p02,14,0.65,0.0006469864674525881,0.0026726879200908485,0.0019368329477344052,0.00039662757147068933,0.010203704546987923,3.1960910787813264e-05,0.0007066473856255643,0.0018534888955777467,0.0011979092532148684,0.0,0.0026726879200908485,0.007792252772812018,coupled q/r finite-matrix response projection,8.0,32.0,0.0018761902351116205,2.5438405243138006e-16,0.001876190235111438,1.1102230246251565e-16,ordinary Euclidean muP gradient flow
1.0,False,91223842b0e681fe8f896e359909d9fcca08d34d2d3bf7cc88c734a4658a1fd6,8cf81fb9655788d89b3efeb3dabb4688161e4431d67390f19a938297e02f497e,16,0.02,32.0,1.232595164407831e-32,0.06404493217864261,0.001583662601604963,2.6904237914919813,8.0,32.0,1.0,16,0.6000000000000001,restart,32.0,fixed-step classical RK4,0.0033458306480820014,4.3368237021398665e-05,0.0,K1,dense unconstrained 1/L residual tanh ResNet,0.0019007111726508559,64,4.560396817268485e-05,1,0.32000000000000006,1.0,restart_n64_L16_s14_sw0p65_A1_g1_r1_dt0p02,14,0.65,6.317912737410024e-05,0.00012173091814361234,7.850542299018259e-05,3.479993015108958e-05,0.0003780999965219791,1.1255744639391326e-06,5.0766314754100796e-05,9.307333315822876e-05,4.560396817268485e-05,0.0,0.00012173091814361234,0.0003958966935231664,coupled q/r finite-matrix response projection,8.0,32.0,0.00010440977669339133,3.1401849173675503e-16,0.00010440977669316231,0.0,ordinary Euclidean muP gradient flow
1.0,False,91223842b0e681fe8f896e359909d9fcca08d34d2d3bf7cc88c734a4658a1fd6,8cf81fb9655788d89b3efeb3dabb4688161e4431d67390f19a938297e02f497e,16,0.02,32.0,1.232595164407831e-32,0.06404493217864261,0.001583662601604963,2.6904237914919813,8.0,32.0,1.0,16,1.6799999999999997,restart,32.0,fixed-step classical RK4,0.00022259267808899774,1.2699433896933173e-06,0.0,K2,dense unconstrained 1/L residual tanh ResNet,0.00010973889442364699,64,1.2798145508305108e-06,2,0.3599999999999999,1.0,restart_n64_L16_s14_sw0p65_A1_g1_r1_dt0p02,14,0.65,4.044356725322797e-06,7.028220050721694e-06,2.9706416549936002e-06,2.223156334447068e-06,1.0000820638413187e-05,2.5367591985347993e-08,2.6078531889059027e-06,6.37366280491119e-06,1.2798145508305108e-06,0.0,7.028220050721694e-06,1.8325773532030247e-05,coupled q/r finite-matrix response projection,8.0,32.0,7.010615686613433e-06,2.5438405243138006e-16,7.010615686484601e-06,1.2412670766236366e-16,ordinary Euclidean muP gradient flow
1.0,False,91223842b0e681fe8f896e359909d9fcca08d34d2d3bf7cc88c734a4658a1fd6,8cf81fb9655788d89b3efeb3dabb4688161e4431d67390f19a938297e02f497e,16,0.02,32.0,1.232595164407831e-32,0.06404493217864261,0.001583662601604963,2.6904237914919813,8.0,32.0,1.0,16,10.72,restart,32.0,fixed-step classical RK4,7.358022519883714e-06,3.734591048109376e-08,4.3140830754274083e-32,K3,dense unconstrained 1/L residual tanh ResNet,3.615811322526481e-06,64,4.5360528111389405e-08,3,0.28,1.0,restart_n64_L16_s14_sw0p65_A1_g1_r1_dt0p02,14,0.65,2.1940085605995815e-07,2.3157439092197653e-07,2.072852662198019e-07,1.1791677698766626e-07,4.2223273300696314e-07,1.2682545704823314e-09,1.0169834841196488e-07,1.5478753192729934e-07,4.5360528111389405e-08,0.0,2.3157439092197653e-07,4.040676684136314e-07,coupled q/r finite-matrix response projection,8.0,32.0,2.3157439030768e-07,2.482534153247273e-16,2.3157439023879033e-07,0.0,ordinary Euclidean muP gradient flow
1.0,False,91223842b0e681fe8f896e359909d9fcca08d34d2d3bf7cc88c734a4658a1fd6,a4137f966ddc2d85978db242a32b9ecbd77e70c2f27dbac524dfc2e8c0ec2ced,16,0.02,32.0,7.703719777548943e-33,0.5896943362942394,0.5653198440812923,2.125855534830939,8.0,32.0,1.0,16,0.92,stress,32.0,fixed-step classical RK4,1.0625984245219826,0.016451877852804053,3.0814879110195774e-32,K0,dense unconstrained 1/L residual tanh ResNet,0.06101455835934973,64,0.014845140321229286,0,0.52,0.0,stress_n64_L16_s10_sw1p2_A1_g1_r0_dt0p02,10,1.2,0.014817859070235452,0.03597993949600287,0.019257505832662117,0.014192740168255127,0.059631084685141514,0.00638539953461803,0.012872942723128684,0.03555295049926741,0.015785066655784857,0.0,0.03597993949600287,0.0583747147717694,coupled q/r finite-matrix response projection,16.0,32.0,0.033431283880227564,2.7194799110210365e-16,0.03343128388022749,1.2412670766236366e-16,ordinary Euclidean muP gradient flow
1.0,False,91223842b0e681fe8f896e359909d9fcca08d34d2d3bf7cc88c734a4658a1fd6,a4137f966ddc2d85978db242a32b9ecbd77e70c2f27dbac524dfc2e8c0ec2ced,16,0.02,32.0,7.703719777548943e-33,0.5896943362942394,0.5653198440812923,2.125855534830939,8.0,32.0,1.0,11,12.040000000000001,stress,32.0,fixed-step classical RK4,0.11434209666442918,0.0012925500898934269,0.0,K1,dense unconstrained 1/L residual tanh ResNet,0.006132021755176781,64,0.0013138900890976304,1,0.4,0.0,stress_n64_L16_s10_sw1p2_A1_g1_r0_dt0p02,10,1.2,0.0015593162955431907,0.0036160184990608087,0.002500071677341807,0.0017967288970024502,0.00831835070884761,0.0006979790690253007,0.0023992880881388017,0.0029289969853078875,0.0013970795954769252,0.0,0.0030285038236292678,0.005047587173809161,coupled q/r finite-matrix response projection,8.0,32.0,0.0036160184990604487,3.554447978966673e-16,0.0036160184990604105,1.1102230246251565e-16,ordinary Euclidean muP gradient flow
1.0,False,91223842b0e681fe8f896e359909d9fcca08d34d2d3bf7cc88c734a4658a1fd6,a4137f966ddc2d85978db242a32b9ecbd77e70c2f27dbac524dfc2e8c0ec2ced,16,0.02,32.0,7.703719777548943e-33,0.5896943362942394,0.5653198440812923,2.125855534830939,8.0,32.0,1.0,15,1.8,stress,32.0,fixed-step classical RK4,0.017422490000027397,5.4155804949651604e-05,0.0,K2,dense unconstrained 1/L residual tanh ResNet,0.0009354881889584877,64,4.52258745640245e-05,2,0.64,0.0,stress_n64_L16_s10_sw1p2_A1_g1_r0_dt0p02,10,1.2,0.0001407178889450739,0.0005516520866989754,0.00029774202828616625,0.00019186155580483685,0.00031996857115831597,1.0562454225149231e-05,0.00014069523118427158,0.000477035053165906,4.808936992925481e-05,0.0,0.00046500022573801224,0.0006697506307185632,coupled q/r finite-matrix response projection,8.0,32.0,0.000550785616892062,3.188872858294072e-16,0.0005507856168918924,5.551115123125783e-17,ordinary Euclidean muP gradient flow
1.0,False,91223842b0e681fe8f896e359909d9fcca08d34d2d3bf7cc88c734a4658a1fd6,a4137f966ddc2d85978db242a32b9ecbd77e70c2f27dbac524dfc2e8c0ec2ced,16,0.02,32.0,7.703719777548943e-33,0.5896943362942394,0.5653198440812923,2.125855534830939,8.0,32.0,1.0,14,11.24,stress,32.0,fixed-step classical RK4,0.0018732698512960106,3.5060259919272206e-06,0.0,K3,dense unconstrained 1/L residual tanh ResNet,0.00010047157019973337,64,3.5691819283385707e-06,3,0.32,0.0,stress_n64_L16_s10_sw1p2_A1_g1_r0_dt0p02,10,1.2,1.208294397406771e-05,5.924751590537185e-05,2.9201785281146987e-05,1.5121776087061107e-05,3.638372593024959e-05,6.837340846832518e-07,1.2765437541064255e-05,5.244860584665851e-05,3.7951661908428313e-06,0.0,5.651947993371926e-05,6.068133308335856e-05,coupled q/r finite-matrix response projection,8.0,32.0,5.924751590498291e-05,3.554447978966673e-16,5.924751590463159e-05,1.1102230246251565e-16,ordinary Euclidean muP gradient flow
1.0,False,91223842b0e681fe8f896e359909d9fcca08d34d2d3bf7cc88c734a4658a1fd6,a669df921e4f3e0316079801f61944032c678fecb5cfe631ed231f0f5156fca4,16,0.02,32.0,7.703719777548943e-33,0.5465946620440482,0.46498549104849035,2.2183659377768876,8.0,32.0,1.0,16,1.44,stress,32.0,fixed-step classical RK4,1.4253274161180816,0.004854777903517741,4.3140830754274083e-32,K0,dense unconstrained 1/L residual tanh ResNet,0.08251373103842027,64,0.005417439950325899,0,0.52,0.0,stress_n64_L16_s9_sw1p2_A1_g1_r0_dt0p02,9,1.2,0.014099158694633837,0.045101564930938816,0.026564851235537344,0.0096381848948375,0.015414342027256734,0.0015117236261655842,0.020621012723223683,0.04284729557741052,0.005417439950325899,0.0,0.045101564930938816,0.08672501773494845,coupled q/r finite-matrix response projection,8.0,32.0,0.04497564669658692,2.9893669801409083e-16,0.04497564669658678,1.2412670766236366e-16,ordinary Euclidean muP gradient flow
1.0,False,91223842b0e681fe8f896e359909d9fcca08d34d2d3bf7cc88c734a4658a1fd6,a669df921e4f3e0316079801f61944032c678fecb5cfe631ed231f0f5156fca4,16,0.02,32.0,7.703719777548943e-33,0.5465946620440482,0.46498549104849035,2.2183659377768876,8.0,32.0,1.0,16,1.68,stress,32.0,fixed-step classical RK4,0.10684117033309957,0.0002018020194574647,4.1600086798764294e-32,K1,dense unconstrained 1/L residual tanh ResNet,0.006175461925834225,64,0.0002265317578071424,1,0.56,0.0,stress_n64_L16_s9_sw1p2_A1_g1_r0_dt0p02,9,1.2,0.001556502727317447,0.0033754745243172453,0.002100361474738552,0.0011925008120933756,0.00043742789712847345,4.8359200196385066e-05,0.0011795125530192575,0.003032320643468173,0.0002265317578071424,0.0,0.0033754745243172453,0.006224271591769833,coupled q/r finite-matrix response projection,8.0,32.0,0.00337287850372386,4.611102534756203e-16,0.0033728785037236697,1.2412670766236366e-16,ordinary Euclidean muP gradient flow
1.0,False,91223842b0e681fe8f896e359909d9fcca08d34d2d3bf7cc88c734a4658a1fd6,a669df921e4f3e0316079801f61944032c678fecb5cfe631ed231f0f5156fca4,16,0.02,32.0,7.703719777548943e-33,0.5465946620440482,0.46498549104849035,2.2183659377768876,8.0,32.0,1.0,16,0.92,stress,32.0,fixed-step classical RK4,0.007527500518655245,5.100957396339161e-05,3.543711097672514e-32,K2,dense unconstrained 1/L residual tanh ResNet,0.00044603021318660594,64,5.7113318075736994e-05,2,0.44,0.0,stress_n64_L16_s9_sw1p2_A1_g1_r0_dt0p02,9,1.2,0.00015416189946733375,0.00024379773363816763,0.00022448207614690464,0.00010662631401865456,0.00022391623594366936,1.4728394919116816e-05,0.0001177812607661796,0.00012746373482214505,5.7113318075736994e-05,0.0,0.00024379773363816763,0.000797756108789968,coupled q/r finite-matrix response projection,8.0,32.0,0.00023670286903618013,3.554447978966673e-16,0.00023670286903599216,1.5700924586837752e-16,ordinary Euclidean muP gradient flow
1.0,False,91223842b0e681fe8f896e359909d9fcca08d34d2d3bf7cc88c734a4658a1fd6,a669df921e4f3e0316079801f61944032c678fecb5cfe631ed231f0f5156fca4,16,0.02,32.0,7.703719777548943e-33,0.5465946620440482,0.46498549104849035,2.2183659377768876,8.0,32.0,1.0,16,2.6,stress,32.0,fixed-step classical RK4,0.0008449980102503314,2.985358646866334e-06,2.619264724366641e-32,K3,dense unconstrained 1/L residual tanh ResNet,4.867187264083607e-05,64,4.164875401823394e-06,3,0.28,0.0,stress_n64_L16_s9_sw1p2_A1_g1_r0_dt0p02,9,1.2,1.1888369331135304e-05,2.6603785777168748e-05,2.1325970179141566e-05,8.449443618570596e-06,3.118304413715635e-05,1.4611141413711781e-06,8.784101421852383e-06,1.720308563552872e-05,4.164875401823394e-06,0.0,2.6603785777168748e-05,4.15262210293511e-05,coupled q/r finite-matrix response projection,8.0,32.0,2.6603537426513755e-05,4.1540741810552243e-16,2.6603537426330695e-05,1.1102230246251565e-16,ordinary Euclidean muP gradient flow
1.0,False,91223842b0e681fe8f896e359909d9fcca08d34d2d3bf7cc88c734a4658a1fd6,680476162e362ca3b26231c9f2e8327dc5f43cdf8045e96d5482a6017542e538,16,0.02,32.0,1.0631133293017542e-31,0.7459146532140135,0.38836003130860675,1.5649638245034199,16.0,32.0,1.0,16,1.0,width,32.0,fixed-step classical RK4,0.803659835494594,0.008001025455952094,0.0,K0,dense unconstrained 1/L residual tanh ResNet,0.03903397198366282,32,0.008054769138165238,0,0.72,0.0,width_n32_L16_s7_sw0p65_A1_g1_r0_dt0p02,7,0.65,0.01356107814654271,0.02911601167575937,0.016708103650000455,0.007701912394573728,0.022756515287516085,0.001863499151654846,0.010871410710324504,0.02570975388872267,0.008054769138165238,0.0,0.02911601167575937,0.08498889744501165,coupled q/r finite-matrix response projection,16.0,32.0,0.025275208905708904,4.041272810440265e-16,0.025275208905708068,4.041272810440265e-16,ordinary Euclidean muP gradient flow
1.0,False,91223842b0e681fe8f896e359909d9fcca08d34d2d3bf7cc88c734a4658a1fd6,680476162e362ca3b26231c9f2e8327dc5f43cdf8045e96d5482a6017542e538,16,0.02,32.0,1.0631133293017542e-31,0.7459146532140135,0.38836003130860675,1.5649638245034199,16.0,32.0,1.0,14,1.48,width,32.0,fixed-step classical RK4,0.03901387839643382,0.00019607170035866524,4.622231866529366e-33,K1,dense unconstrained 1/L residual tanh ResNet,0.0016776397528819875,32,0.00021174459969063963,1,0.32,0.0,width_n32_L16_s7_sw0p65_A1_g1_r0_dt0p02,7,0.65,0.0012870634541080276,0.001251376074489011,0.001021174298441867,0.0006844163897259368,0.001252075317885192,0.00010372766786878596,0.0009883418920304458,0.0010419400101330583,0.00021174459969063963,0.0,0.0006730218787763475,0.0027055115345760677,coupled q/r finite-matrix response projection,16.0,32.0,0.0012355671612028734,3.554447978966673e-16,0.0012355671612025497,3.510833468576701e-16,ordinary Euclidean muP gradient flow
1.0,False,91223842b0e681fe8f896e359909d9fcca08d34d2d3bf7cc88c734a4658a1fd6,680476162e362ca3b26231c9f2e8327dc5f43cdf8045e96d5482a6017542e538,16,0.02,32.0,1.0631133293017542e-31,0.7459146532140135,0.38836003130860675,1.5649638245034199,16.0,32.0,1.0,11,12.56,width,32.0,fixed-step classical RK4,0.0052838525788139,3.7841463575062424e-05,7.703719777548943e-33,K2,dense unconstrained 1/L residual tanh ResNet,0.0002242573749414614,32,4.2572319809085686e-05,2,0.48,0.0,width_n32_L16_s7_sw0p65_A1_g1_r0_dt0p02,7,0.65,8.058745116622422e-05,0.0001672768620601452,0.00011799460818997383,3.9454696105679296e-05,0.00013765893843166896,1.754065518205783e-05,7.17538939576817e-05,0.00013492318510501572,4.2572319809085686e-05,0.0,0.00014180600945576247,0.0002232420810015349,coupled q/r finite-matrix response projection,16.0,32.0,0.00016727686205914483,3.554447978966673e-16,0.00016727686205908083,3.510833468576701e-16,ordinary Euclidean muP gradient flow
1.0,False,91223842b0e681fe8f896e359909d9fcca08d34d2d3bf7cc88c734a4658a1fd6,680476162e362ca3b26231c9f2e8327dc5f43cdf8045e96d5482a6017542e538,16,0.02,32.0,1.0631133293017542e-31,0.7459146532140135,0.38836003130860675,1.5649638245034199,16.0,32.0,1.0,13,7.16,width,32.0,fixed-step classical RK4,0.00013850657436370936,5.024967607923457e-07,4.3140830754274083e-32,K3,dense unconstrained 1/L residual tanh ResNet,5.869006604013774e-06,32,6.652670076900488e-07,3,0.32,0.0,width_n32_L16_s7_sw0p65_A1_g1_r0_dt0p02,7,0.65,4.493339993742492e-06,4.37777802574369e-06,4.249338411459432e-06,2.2814620391590916e-06,4.486876840683298e-06,3.286754692022331e-07,4.372437237346827e-06,1.8907890753425897e-06,6.652670076900488e-07,0.0,1.6718550554923393e-06,9.324405332504429e-06,coupled q/r finite-matrix response projection,16.0,32.0,4.377778021498283e-06,3.554447978966673e-16,4.377778021411723e-06,3.510833468576701e-16,ordinary Euclidean muP gradient flow
1.0,False,91223842b0e681fe8f896e359909d9fcca08d34d2d3bf7cc88c734a4658a1fd6,69524ad4c187b20c5862a4da71a69a7bd1921691a7e4e6a4f9685dfb7ba4933f,16,0.02,32.0,1.3866695599588098e-32,0.6563729274372275,0.424308497388361,1.9044627520462987,8.0,32.0,1.0,16,0.76,width,32.0,fixed-step classical RK4,0.4521634212968914,0.007906396235937587,0.0,K0,dense unconstrained 1/L residual tanh ResNet,0.022504794445416653,96,0.008898127557539033,0,0.48,0.0,width_n96_L16_s7_sw0p65_A1_g1_r0_dt0p02,7,0.65,0.011220594043312966,0.014771537811511186,0.012300128886409205,0.007312303746359601,0.03645794023096412,0.002879102887374599,0.005992752690537027,0.009345889743612723,0.008898127557539033,0.0,0.014771537811511186,0.029595917033643084,coupled q/r finite-matrix response projection,8.0,32.0,0.014275547102259157,3.3306690738754696e-16,0.014275547102259077,3.188872858294072e-16,ordinary Euclidean muP gradient flow
1.0,False,91223842b0e681fe8f896e359909d9fcca08d34d2d3bf7cc88c734a4658a1fd6,69524ad4c187b20c5862a4da71a69a7bd1921691a7e4e6a4f9685dfb7ba4933f,16,0.02,32.0,1.3866695599588098e-32,0.6563729274372275,0.424308497388361,1.9044627520462987,8.0,32.0,1.0,15,13.040000000000001,width,32.0,fixed-step classical RK4,0.0314165769487913,0.00011702624419192619,0.0,K1,dense unconstrained 1/L residual tanh ResNet,0.0015103268889496279,96,0.00012279998169056165,1,0.6,0.0,width_n96_L16_s7_sw0p65_A1_g1_r0_dt0p02,7,0.65,0.0009194757181033962,0.0009913376814870277,0.0007577470395187937,0.0006139147107109548,0.0009889033955193139,3.5849376944840916e-05,0.0006717955696249178,0.0007189367688126318,0.00012279998169056165,0.0,0.000950304282493015,0.0011141645217292104,coupled q/r finite-matrix response projection,8.0,32.0,0.000991337681486483,3.3766115072321297e-16,0.0009913376814859748,3.1401849173675503e-16,ordinary Euclidean muP gradient flow
1.0,False,91223842b0e681fe8f896e359909d9fcca08d34d2d3bf7cc88c734a4658a1fd6,69524ad4c187b20c5862a4da71a69a7bd1921691a7e4e6a4f9685dfb7ba4933f,16,0.02,32.0,1.3866695599588098e-32,0.6563729274372275,0.424308497388361,1.9044627520462987,8.0,32.0,1.0,16,0.96,width,32.0,fixed-step classical RK4,0.002126187939020248,1.3783712119493573e-05,4.930380657631324e-32,K2,dense unconstrained 1/L residual tanh ResNet,0.00010351383649487454,96,1.8931255771429314e-05,2,0.36,0.0,width_n96_L16_s7_sw0p65_A1_g1_r0_dt0p02,7,0.65,6.069909651109127e-05,6.794367989039932e-05,5.380875147692244e-05,3.763218554614479e-05,8.414074734214276e-05,7.783746149472859e-06,2.2620918691144077e-05,5.4444545659142466e-05,1.8931255771429314e-05,0.0,6.794367989039932e-05,0.00013368900450367737,coupled q/r finite-matrix response projection,8.0,32.0,6.691448664026104e-05,3.3766115072321297e-16,6.691448664001148e-05,2.220446049250313e-16,ordinary Euclidean muP gradient flow
1.0,False,91223842b0e681fe8f896e359909d9fcca08d34d2d3bf7cc88c734a4658a1fd6,69524ad4c187b20c5862a4da71a69a7bd1921691a7e4e6a4f9685dfb7ba4933f,16,0.02,32.0,1.3866695599588098e-32,0.6563729274372275,0.424308497388361,1.9044627520462987,8.0,32.0,1.0,16,0.88,width,32.0,fixed-step classical RK4,0.00018364266267672136,6.975455718493543e-07,0.0,K3,dense unconstrained 1/L residual tanh ResNet,8.94832358221921e-06,96,9.519831825771468e-07,3,0.36,0.0,width_n96_L16_s7_sw0p65_A1_g1_r0_dt0p02,7,0.65,3.5637838177026957e-06,5.873437345316801e-06,5.550616706763628e-06,2.0238532964568567e-06,4.950316153610786e-06,4.2005012571011413e-07,1.1250374113036546e-06,2.052771076605877e-06,9.519831825771468e-07,0.0,5.873437345316801e-06,1.607001672241609e-05,coupled q/r finite-matrix response projection,8.0,32.0,5.77312738448676e-06,2.2887833992611187e-16,5.77312738439518e-06,2.220446049250313e-16,ordinary Euclidean muP gradient flow
