category,predictor_case,target_case,metric,raw,denominator,normalized,max_time,max_depth_index,max_depth_fraction,matched,case_id,inference_role,quantity,lcb,ucb,comparison_case,pass
cross_prediction,C0,C0,gram,0.014164026193540699,0.7638789359623858,0.018542239518224063,0.32,16,1.0,True,,,,,,,
cross_prediction,C0,C0,output,0.02766539913907778,1.0319883720275145,0.026807859360589943,1.48,,,True,,,,,,,
cross_prediction,C0,C0,loss,0.02424961820825189,0.5325000000000001,0.045539189123477715,0.0,,,True,,,,,,,
cross_prediction,C0,C1,gram,0.16329281188045416,0.7638789359623858,0.21376792079588758,0.64,16,1.0,False,,,,,,,
cross_prediction,C0,C1,output,0.09189523139360826,1.0319883720275145,0.08904677018120336,0.44,,,False,,,,,,,
cross_prediction,C0,C1,loss,0.025389213464735882,0.5325000000000001,0.04767927411218005,0.0,,,False,,,,,,,
cross_prediction,C0,C2,gram,0.2701903142335388,0.7638789359623858,0.3537082926539072,0.68,16,1.0,False,,,,,,,
cross_prediction,C0,C2,output,0.1452428467641045,1.0319883720275145,0.14074077838566199,0.44,,,False,,,,,,,
cross_prediction,C0,C2,loss,0.04353622991941479,0.5325000000000001,0.08175817825242213,0.24,,,False,,,,,,,
cross_prediction,C0,C4,gram,0.34244657356704966,0.7638789359623858,0.44829953732866396,0.68,16,1.0,False,,,,,,,
cross_prediction,C0,C4,output,0.18537799645234038,1.0319883720275145,0.17963186551039734,0.44,,,False,,,,,,,
cross_prediction,C0,C4,loss,0.06047000529857256,0.5325000000000001,0.11355869539638039,0.24,,,False,,,,,,,
cross_prediction,C0,L2,gram,0.27697367150891083,0.7638789359623858,0.3625884396981845,0.64,16,1.0,False,,,,,,,
cross_prediction,C0,L2,output,0.15736080091658308,1.0319883720275145,0.1524831143275591,0.44,,,False,,,,,,,
cross_prediction,C0,L2,loss,0.0516714123282825,0.5325000000000001,0.09703551610945069,0.24,,,False,,,,,,,
cross_prediction,C1,C0,gram,0.1751445947575548,0.7638789359623858,0.22928318416961707,0.6,16,1.0,False,,,,,,,
cross_prediction,C1,C0,output,0.06773922219614736,1.0319883720275145,0.06563952078555138,0.36,,,False,,,,,,,
cross_prediction,C1,C0,loss,0.04444215321517378,0.5325000000000001,0.08345944265760333,0.16,,,False,,,,,,,
cross_prediction,C1,C1,gram,0.009132794017072492,0.7638789359623858,0.011955813398056837,0.28,16,1.0,True,,,,,,,
cross_prediction,C1,C1,output,0.028955165864195668,1.0319883720275145,0.02805764740091827,2.0,,,True,,,,,,,
cross_prediction,C1,C1,loss,0.025389213464735882,0.5325000000000001,0.04767927411218005,0.0,,,True,,,,,,,
cross_prediction,C1,C2,gram,0.1072518169764575,0.7638789359623858,0.140404207953888,0.8,16,1.0,False,,,,,,,
cross_prediction,C1,C2,output,0.0698565112219852,1.0319883720275145,0.0676911805553975,0.52,,,False,,,,,,,
cross_prediction,C1,C2,loss,0.026563401403106313,0.5325000000000001,0.049884321883767714,0.0,,,False,,,,,,,
cross_prediction,C1,C4,gram,0.18168263983622157,0.7638789359623858,0.23784219106307158,0.8,16,1.0,False,,,,,,,
cross_prediction,C1,C4,output,0.10968504484739548,1.0319883720275145,0.10628515574444002,0.52,,,False,,,,,,,
cross_prediction,C1,C4,loss,0.03008109869592887,0.5325000000000001,0.056490326189537775,0.28,,,False,,,,,,,
cross_prediction,C1,L2,gram,0.11202812976688059,0.7638789359623858,0.14665691707513842,0.68,16,1.0,False,,,,,,,
cross_prediction,C1,L2,output,0.08014344428486077,1.0319883720275145,0.07765925126404817,0.48,,,False,,,,,,,
cross_prediction,C1,L2,loss,0.026707684528008202,0.5325000000000001,0.05015527610893558,0.0,,,False,,,,,,,
cross_prediction,C2,C0,gram,0.27999964971730823,0.7638789359623858,0.366549771875233,0.64,16,1.0,False,,,,,,,
cross_prediction,C2,C0,output,0.11993077014943544,1.0319883720275145,0.11621329600236803,0.4,,,False,,,,,,,
cross_prediction,C2,C0,loss,0.06585472568788639,0.5325000000000001,0.12367084636222794,0.2,,,False,,,,,,,
cross_prediction,C2,C1,gram,0.11008127364512195,0.7638789359623858,0.14410827221781447,0.68,16,1.0,False,,,,,,,
cross_prediction,C2,C1,output,0.0433596613781962,1.0319883720275145,0.04201564916183005,0.4,,,False,,,,,,,
cross_prediction,C2,C1,loss,0.0359119205994719,0.5325000000000001,0.06744022647788149,0.12,,,False,,,,,,,
cross_prediction,C2,C2,gram,0.00836385889620054,0.7638789359623858,0.010949194306115,3.2800000000000002,1,0.0625,True,,,,,,,
cross_prediction,C2,C2,output,0.030105162453667674,1.0319883720275145,0.029171997737262315,2.8000000000000003,,,True,,,,,,,
cross_prediction,C2,C2,loss,0.026563401403106313,0.5325000000000001,0.049884321883767714,0.0,,,True,,,,,,,
cross_prediction,C2,C4,gram,0.0753720078752784,0.7638789359623858,0.09867009591031556,0.92,16,1.0,False,,,,,,,
cross_prediction,C2,C4,output,0.057552606586782816,1.0319883720275145,0.055768658006980304,0.6,,,False,,,,,,,
cross_prediction,C2,C4,loss,0.027640989137404315,0.5325000000000001,0.05190796082141655,0.0,,,False,,,,,,,
cross_prediction,C2,L2,gram,0.02063366535820129,0.7638789359623858,0.027011695684743053,1.36,0,0.0,False,,,,,,,
cross_prediction,C2,L2,output,0.030010883502798534,1.0319883720275145,0.029080641135361934,8.0,,,False,,,,,,,
cross_prediction,C2,L2,loss,0.026707684528008202,0.5325000000000001,0.05015527610893558,0.0,,,False,,,,,,,
cross_prediction,C4,C0,gram,0.3510431838622566,0.7638789359623858,0.45955342834527685,0.68,16,1.0,False,,,,,,,
cross_prediction,C4,C0,output,0.15884377420752024,1.0319883720275145,0.15392012014190137,0.4,,,False,,,,,,,
cross_prediction,C4,C0,loss,0.08293977732670124,0.5325000000000001,0.15575545037878166,0.2,,,False,,,,,,,
cross_prediction,C4,C1,gram,0.18336796727351845,0.7638789359623858,0.24004846663627297,0.76,16,1.0,False,,,,,,,
cross_prediction,C4,C1,output,0.081714911146918,1.0319883720275145,0.07918200762899619,0.44,,,False,,,,,,,
cross_prediction,C4,C1,loss,0.05197441631297134,0.5325000000000001,0.09760453767694147,0.2,,,False,,,,,,,
cross_prediction,C4,C2,gram,0.07446011097746845,0.7638789359623858,0.09747632441737462,0.76,16,1.0,False,,,,,,,
cross_prediction,C4,C2,output,0.030102082877451086,1.0319883720275145,0.029169013618157817,8.0,,,False,,,,,,,
cross_prediction,C4,C2,loss,0.03177036228450869,0.5325000000000001,0.0596626521774811,0.12,,,False,,,,,,,
cross_prediction,C4,C4,gram,0.009016602253237225,0.7638789359623858,0.011803705834455962,3.3200000000000003,1,0.0625,True,,,,,,,
cross_prediction,C4,C4,output,0.031083928062601466,1.0319883720275145,0.030120424711309362,3.4,,,True,,,,,,,
cross_prediction,C4,C4,loss,0.027640989137404315,0.5325000000000001,0.05190796082141655,0.0,,,True,,,,,,,
cross_prediction,C4,L2,gram,0.07284567899630602,0.7638789359623858,0.09536285865054017,0.92,16,1.0,False,,,,,,,
cross_prediction,C4,L2,output,0.030010883441025683,1.0319883720275145,0.029080641075503847,8.0,,,False,,,,,,,
cross_prediction,C4,L2,loss,0.026707684528008202,0.5325000000000001,0.05015527610893558,0.0,,,False,,,,,,,
cross_prediction,L2,C0,gram,0.2864606964501334,0.7638789359623858,0.37500797962079035,0.6,16,1.0,False,,,,,,,
cross_prediction,L2,C0,output,0.13325776709408238,1.0319883720275145,0.12912719823797542,0.36,,,False,,,,,,,
cross_prediction,L2,C0,loss,0.07465751198927251,0.5325000000000001,0.14020190044933803,0.2,,,False,,,,,,,
cross_prediction,L2,C1,gram,0.11614184346101214,0.7638789359623858,0.15204221244128022,0.64,16,1.0,False,,,,,,,
cross_prediction,L2,C1,output,0.05705528333876964,1.0319883720275145,0.055286750205019226,0.36,,,False,,,,,,,
cross_prediction,L2,C1,loss,0.044692464393485426,0.5325000000000001,0.08392951059809468,0.16,,,False,,,,,,,
cross_prediction,L2,C2,gram,0.03157685798523244,0.7638789359623858,0.041337516324428815,1.76,0,0.0,False,,,,,,,
cross_prediction,L2,C2,output,0.03077695754511465,1.0319883720275145,0.029822969307927518,1.44,,,False,,,,,,,
cross_prediction,L2,C2,loss,0.027519142012257303,0.5325000000000001,0.05167913992912169,0.04,,,False,,,,,,,
cross_prediction,L2,C4,gram,0.07645444634289733,0.7638789359623858,0.100087124730799,1.04,16,1.0,False,,,,,,,
cross_prediction,L2,C4,output,0.053446083477213406,1.0319883720275145,0.05178942411163955,0.72,,,False,,,,,,,
cross_prediction,L2,C4,loss,0.027640989137404315,0.5325000000000001,0.05190796082141655,0.0,,,False,,,,,,,
cross_prediction,L2,L2,gram,0.007564486892860957,0.7638789359623858,0.009902730048879683,8.0,1,0.0625,True,,,,,,,
cross_prediction,L2,L2,output,0.030029694063488866,1.0319883720275145,0.0290988686282293,2.16,,,True,,,,,,,
cross_prediction,L2,L2,loss,0.026707684528008202,0.5325000000000001,0.05015527610893558,0.0,,,True,,,,,,,
activation_evidence,,,gram,,,0.22440071205430925,,,,,C1,descriptive,dense_separation,0.2165019708185009,0.23529297408972835,,
activation_evidence,,,gram,,,0.21816374668181587,,,,,C1,descriptive,pde_separation,,,,
activation_evidence,,,gram,,,0.011955813398056837,,,,,C1,descriptive,matched_pde_error,-0.005904558839644188,0.011897471305599407,,
activation_evidence,,,gram,,,0.21376792079588758,,,,,C1,descriptive,identity_pde_to_target_error,,,,
activation_evidence,,,gram,,,0.009452433567042505,,,,,C1,descriptive,contrast_error,,,,
activation_evidence,,,gram,,,0.2004890852581956,,,,,C1,descriptive,identity_margin_S_minus_2E,,,,
activation_evidence,,,output,,,0.07537017281403212,,,,,C1,descriptive,dense_separation,0.07236054114681414,0.07930196571784319,,
activation_evidence,,,output,,,0.07566786387089376,,,,,C1,descriptive,pde_separation,,,,
activation_evidence,,,output,,,0.02805764740091827,,,,,C1,descriptive,matched_pde_error,-0.012435607577528637,0.039147731186865715,,
activation_evidence,,,output,,,0.08904677018120336,,,,,C1,descriptive,identity_pde_to_target_error,,,,
activation_evidence,,,output,,,0.0019368186138374929,,,,,C1,descriptive,contrast_error,,,,
activation_evidence,,,output,,,0.01925487801219558,,,,,C1,descriptive,identity_margin_S_minus_2E,,,,
activation_evidence,,,loss,,,0.05815091270184018,,,,,C1,descriptive,dense_separation,0.05517467026504009,0.062326291472303195,,
activation_evidence,,,loss,,,0.059917389293677355,,,,,C1,descriptive,pde_separation,,,,
activation_evidence,,,loss,,,0.04767927411218005,,,,,C1,descriptive,matched_pde_error,-0.026988532444792004,0.08644431758063134,,
activation_evidence,,,loss,,,0.04767927411218005,,,,,C1,descriptive,identity_pde_to_target_error,,,,
activation_evidence,,,loss,,,0.0026436804792076664,,,,,C1,descriptive,contrast_error,,,,
activation_evidence,,,loss,,,-0.03720763552251992,,,,,C1,descriptive,identity_margin_S_minus_2E,,,,
activation_evidence,,,gram,,,0.36384990211428603,,,,,C2,confirmatory,dense_separation,0.35271130118926003,0.3801089142375025,,
activation_evidence,,,gram,,,0.3560428792431509,,,,,C2,confirmatory,pde_separation,,,,
activation_evidence,,,gram,,,0.010949194306115,,,,,C2,confirmatory,matched_pde_error,-0.004118364245847168,0.01089526168668982,,
activation_evidence,,,gram,,,0.3537082926539072,,,,,C2,confirmatory,identity_pde_to_target_error,,,,
activation_evidence,,,gram,,,0.013791835422622772,,,,,C2,confirmatory,contrast_error,-0.0040118029872489806,0.017786313266238866,,
activation_evidence,,,gram,,,0.34195151350205605,,,,,C2,confirmatory,identity_margin_S_minus_2E,0.33709240790551953,0.3836203133281636,,
activation_evidence,,,output,,,0.12707337136489757,,,,,C2,confirmatory,dense_separation,0.122405949092174,0.13331611145165473,,
activation_evidence,,,output,,,0.1275873264260284,,,,,C2,confirmatory,pde_separation,,,,
activation_evidence,,,output,,,0.029171997737262315,,,,,C2,confirmatory,matched_pde_error,-0.011012799048008889,0.04176262273729188,,
activation_evidence,,,output,,,0.14074077838566199,,,,,C2,confirmatory,identity_pde_to_target_error,,,,
activation_evidence,,,output,,,0.00321885831549365,,,,,C2,confirmatory,contrast_error,-0.004054748069289644,0.002818653007159093,,
activation_evidence,,,output,,,0.06872937589037295,,,,,C2,confirmatory,identity_margin_S_minus_2E,0.04070750665312732,0.15403821982149238,,
activation_evidence,,,loss,,,0.09890924357772858,,,,,C2,confirmatory,dense_separation,0.0938149074682686,0.10595211720603001,,
activation_evidence,,,loss,,,0.10269557009288101,,,,,C2,confirmatory,pde_separation,,,,
activation_evidence,,,loss,,,0.049884321883767714,,,,,C2,confirmatory,matched_pde_error,-0.023929018333431855,0.09153879244653156,,
activation_evidence,,,loss,,,0.08175817825242213,,,,,C2,confirmatory,identity_pde_to_target_error,,,,
activation_evidence,,,loss,,,0.004913124123146345,,,,,C2,confirmatory,contrast_error,-0.002534722684285177,0.006444580090821125,,
activation_evidence,,,loss,,,-0.0008594001898068471,,,,,C2,confirmatory,identity_margin_S_minus_2E,-0.08763069643563165,0.1531494207424261,,
activation_evidence,,,gram,,,0.4582126660915761,,,,,C4,descriptive,dense_separation,0.4461721910815945,0.4773192886727299,,
activation_evidence,,,gram,,,0.44961600486575065,,,,,C4,descriptive,pde_separation,,,,
activation_evidence,,,gram,,,0.011803705834455962,,,,,C4,descriptive,matched_pde_error,-0.0011349893192681877,0.013424222024531668,,
activation_evidence,,,gram,,,0.44829953732866396,,,,,C4,descriptive,identity_pde_to_target_error,,,,
activation_evidence,,,gram,,,0.015546444957127863,,,,,C4,descriptive,contrast_error,-0.005563025753862437,0.02009540634913795,,
activation_evidence,,,gram,,,0.4346052544226642,,,,,C4,descriptive,identity_margin_S_minus_2E,,,,
activation_evidence,,,output,,,0.16569925758770426,,,,,C4,descriptive,dense_separation,0.15997169755782426,0.17350416750054223,,
activation_evidence,,,output,,,0.16621667594752637,,,,,C4,descriptive,pde_separation,,,,
activation_evidence,,,output,,,0.030120424711309362,,,,,C4,descriptive,matched_pde_error,-0.010019867630334401,0.04356351174555847,,
activation_evidence,,,output,,,0.17963186551039734,,,,,C4,descriptive,identity_pde_to_target_error,,,,
activation_evidence,,,output,,,0.004286401076974811,,,,,C4,descriptive,contrast_error,-0.004671265891481075,0.0038481270481660673,,
activation_evidence,,,output,,,0.10545840816508553,,,,,C4,descriptive,identity_margin_S_minus_2E,,,,
activation_evidence,,,loss,,,0.13034855375131973,,,,,C4,descriptive,dense_separation,0.12374228006107765,0.139764501257149,,
activation_evidence,,,loss,,,0.13571944026430888,,,,,C4,descriptive,pde_separation,,,,
activation_evidence,,,loss,,,0.05190796082141655,,,,,C4,descriptive,matched_pde_error,-0.021204135196944057,0.09618989766177306,,
activation_evidence,,,loss,,,0.11355869539638039,,,,,C4,descriptive,identity_pde_to_target_error,,,,
activation_evidence,,,loss,,,0.006368771697938828,,,,,C4,descriptive,contrast_error,-0.003529573065197254,0.008129564724310808,,
activation_evidence,,,loss,,,0.026532632108486637,,,,,C4,descriptive,identity_margin_S_minus_2E,,,,
linear_null,,,gram,,,0.03457978106657471,,,,,C2,,dense_L2_vs_C2_separation,0.0324514857384587,0.0366975268217507,L2,
linear_null,,,gram,,,0.010949194306115,,,,,C2,,matched_C2_pde_error,-0.004118364245847168,0.01089526168668982,L2,
linear_null,,,gram,,,0.01815598960740221,,,,,C2,,linear_null_margin_H_minus_1p5E,0.017920802418075418,0.04152373831493965,L2,
linear_null,,,output,,,0.014598984558238765,,,,,C2,,dense_L2_vs_C2_separation,0.013260176092996543,0.015984654498060656,L2,
linear_null,,,output,,,0.029171997737262315,,,,,C2,,matched_C2_pde_error,-0.011012799048008889,0.04176262273729188,L2,
linear_null,,,output,,,-0.02915901204765471,,,,,C2,,linear_null_margin_H_minus_1p5E,-0.048368663823602664,0.03128249266988703,L2,
linear_null,,,loss,,,0.016044112552202956,,,,,C2,,dense_L2_vs_C2_separation,0.014286559311065938,0.017808924196268765,L2,
linear_null,,,loss,,,0.049884321883767714,,,,,C2,,matched_C2_pde_error,-0.023929018333431855,0.09153879244653156,L2,
linear_null,,,loss,,,-0.05878237027344862,,,,,C2,,linear_null_margin_H_minus_1p5E,-0.12233699863791672,0.053486796420306744,L2,
loss_progress,,,gram,,,0.27135875132413634,,,,,C2,,dense_progress_separation,0.25913758531276787,0.2837148994474563,C0,
loss_progress,,,gram,,,0.010473499801775168,,,,,C2,,matched_progress_error,,,C0,
loss_progress,,,gram,,,0.013381151604766234,,,,,C2,,progress_contrast_error,-0.004479979101055291,0.01728869868823996,C0,
loss_progress,,,gram,,,0.24459644811460388,,,,,C2,,progress_clock_margin,0.2401914267895482,0.27603437537873476,C0,
pde_scramble,,,gram,9.682678848994769e-16,0.7638789359623858,1.2675672011816745e-15,,,,,C0,,discrepancy,,,,True
pde_scramble,,,output,4.611102534756203e-16,1.0319883720275145,4.468172955957748e-16,,,,,C0,,discrepancy,,,,True
pde_scramble,,,loss,5.551115123125783e-17,0.5325000000000001,1.0424629339203347e-16,,,,,C0,,discrepancy,,,,True
pde_scramble,,,gram,0.0028425634931346587,0.7638789359623858,0.003721222512247189,,,,,C2,,discrepancy,,,,True
pde_scramble,,,output,0.0009824911941570757,1.0319883720275145,0.0009520370779244409,,,,,C2,,discrepancy,,,,True
pde_scramble,,,loss,0.00015614459354582055,0.5325000000000001,0.0002932292836541231,,,,,C2,,discrepancy,,,,True
pde_scramble,,,gram,0.0031310725709168164,0.7638789359623858,0.0040989120441867945,,,,,C4,,discrepancy,,,,True
pde_scramble,,,output,0.0009619231984819273,1.0319883720275145,0.0009321066249923607,,,,,C4,,discrepancy,,,,True
pde_scramble,,,loss,0.0002022212656389577,0.5325000000000001,0.00037975824533137593,,,,,C4,,discrepancy,,,,True
pde_scramble,,,gram,1.028268223504253e-15,0.7638789359623858,1.3461141224018331e-15,,,,,L2,,discrepancy,,,,True
pde_scramble,,,output,4.577566798522237e-16,1.0319883720275145,4.435676721365415e-16,,,,,L2,,discrepancy,,,,True
pde_scramble,,,loss,3.469446951953614e-17,0.5325000000000001,6.515393337002091e-17,,,,,L2,,discrepancy,,,,True
pde_N32,,,gram,0.0027075603452772637,0.7638789359623858,0.0035444888159746127,,,,,C0,,discrepancy,,,,True
pde_N32,,,output,0.0007195643409092012,1.0319883720275145,0.0006972601246421955,,,,,C0,,discrepancy,,,,True
pde_N32,,,loss,0.00017751317745290374,0.5325000000000001,0.0003333580797237628,,,,,C0,,discrepancy,,,,True
pde_N32,,,gram,0.00026038439009916907,0.7638789359623858,0.0003408712792572548,,,,,C2,,discrepancy,,,,True
pde_N32,,,output,5.994218487629311e-05,1.0319883720275145,5.808416693545357e-05,,,,,C2,,discrepancy,,,,True
pde_N32,,,loss,1.5312503835684943e-05,0.5325000000000001,2.8755875747765147e-05,,,,,C2,,discrepancy,,,,True
pde_scramble_activation_contrast,,,gram,,,0.00372122251224742,,,,,C2,,activation_contrast_discrepancy,,,C0,True
pde_scramble_activation_contrast,,,output,,,0.0009520370779245157,,,,,C2,,activation_contrast_discrepancy,,,C0,True
pde_scramble_activation_contrast,,,loss,,,0.0002932292836541231,,,,,C2,,activation_contrast_discrepancy,,,C0,True
pde_scramble_activation_contrast,,,gram,,,0.0040989120441866774,,,,,C4,,activation_contrast_discrepancy,,,C0,True
pde_scramble_activation_contrast,,,output,,,0.0009321066249924499,,,,,C4,,activation_contrast_discrepancy,,,C0,True
pde_scramble_activation_contrast,,,loss,,,0.00037975824533137593,,,,,C4,,activation_contrast_discrepancy,,,C0,True
pde_N32_activation_contrast,,,gram,,,0.003248169832332375,,,,,C2,,activation_contrast_discrepancy,,,C0,True
pde_N32_activation_contrast,,,output,,,0.0006478856598709221,,,,,C2,,activation_contrast_discrepancy,,,C0,True
pde_N32_activation_contrast,,,loss,,,0.00030746409208332433,,,,,C2,,activation_contrast_discrepancy,,,C0,True
physical_depth_L64,,,gram,,,0.38551934518143666,,,,,C2,,separation,0.3582486935903584,0.4134418647892186,C0,
physical_depth_L64,,,gram,,,0.024476106987586982,,,,,C2,,matched_C2_error,-0.0016911717779257499,0.028432169210460257,C0,
physical_depth_L64,,,gram,,,0.3554043884983692,,,,,C2,,paired_L32_separation,0.3312107036695701,0.3808590545448028,C0,
physical_depth_L64,,,gram,,,1.0847343410989019,,,,,C2,,retention_ratio,0.94719822303828,1.2061974373326985,C0,
physical_width_n256,,,gram,,,0.3542322120721619,,,,,C2,,separation,0.33698733275429477,0.37306202826227175,C0,
physical_width_n256,,,gram,,,0.01825761027938399,,,,,C2,,matched_C2_error,-0.007639976421822563,0.026474179089787053,C0,
physical_width_n256,,,gram,,,0.36384990211428603,,,,,C2,,n128_L32_separation,,,C0,
physical_width_n256,,,gram,,,0.973566874729835,,,,,C2,,retention_ratio,,,C0,
