configuration,node,level_index,level_label,level_name,proxy_kernel,neural_reference_n4096,neural_reference_n8192,log_k8192_over_k4096,log_ratio_ci99_lower,log_ratio_ci99_upper,absolute_log_error_n4096,absolute_log_error_n4096_ci99_lower,absolute_log_error_n4096_ci99_upper,absolute_log_error_n8192,absolute_log_error_n8192_ci99_lower,absolute_log_error_n8192_ci99_upper,error_change_n8192_minus_n4096,error_change_ci99_lower,error_change_ci99_upper,bootstrap_probability_error_decreases
C,0.5,0,M0,ntk_0moments_lower,111.0,124.05492758396248,125.53137766034044,0.011831316607609443,-0.047113883406031995,0.06380530170083183,0.11119423059973581,0.05238167986971166,0.17087389394390942,0.12302554720734521,0.0928429913903759,0.15347236980521844,0.011831316607609402,-0.04711388340603203,0.06380530170083183,0.28725
C,0.75,0,M0,ntk_0moments_lower,111.0,142.6107924627414,145.0094488574536,0.016679716245840193,-0.03389915172057976,0.061198002794795224,0.2505889872734468,0.20067265058656172,0.30241398259736374,0.267268703519287,0.2419898357409947,0.29419147551576774,0.016679716245840193,-0.03389915172057968,0.06119800279479526,0.19
C,0.9,0,M0,ntk_0moments_lower,111.0,156.7075215508377,159.8774715040268,0.020026570860719843,-0.02655658042212709,0.062043817218982646,0.34485094658395776,0.29877274634357354,0.3924339388540854,0.36487751744467756,0.3427465655836363,0.38953114277626116,0.020026570860719795,-0.026556580422127104,0.06204381721898271,0.13365
C,0.95,0,M0,ntk_0moments_lower,111.0,161.7513100801564,165.2962890454445,0.021679521997304177,-0.024358579067023337,0.06305458932184728,0.3765298314495166,0.3309797587204376,0.4230004879447036,0.39820935344682074,0.37721914759720404,0.422022252641511,0.021679521997304108,-0.024358579067023392,0.06305458932184733,0.11515
C,0.5,1,M1,zero_radau_1node_1moments_upper,128.09666423179937,124.05492758396248,125.53137766034044,0.011831316607609443,-0.047113883406031995,0.06380530170083183,0.03206073630651519,0.00048004522243716213,0.09087328703653921,0.02022941969890561,0.0003517270470743144,0.050411975515874896,-0.011831316607609579,-0.06368500782747145,0.03248665457623878,0.7361
C,0.75,1,M1,zero_radau_1node_1moments_upper,149.4674945215486,142.6107924627414,145.0094488574536,0.016679716245840193,-0.03389915172057976,0.061198002794795224,0.046959752654568795,0.0018984997623615531,0.09687608934145416,0.030280036408728707,0.0037263341605207963,0.05555890418702103,-0.01667971624584009,-0.06119800279479518,0.03123973482986862,0.81115
C,0.9,1,M1,zero_radau_1node_1moments_upper,166.39319211102995,156.7075215508377,159.8774715040268,0.020026570860719843,-0.02655658042212709,0.062043817218982646,0.05997246685957401,0.012404406606820115,0.10605066709995829,0.039945895998854224,0.015292270667270597,0.06207684785989554,-0.020026570860719788,-0.06204381721898257,0.02638990361217285,0.8664
C,0.95,1,M1,zero_radau_1node_1moments_upper,172.7189578767957,161.7513100801564,165.2962890454445,0.021679521997304177,-0.024358579067023337,0.06305458932184728,0.06560571982758584,0.01913506333239871,0.11115579255666476,0.043926197830281594,0.02011329863559146,0.0649164036798983,-0.021679521997304246,-0.06305458932184721,0.02434111322108823,0.88485
C,0.5,2,M2,gauss_1node_2moments_lower,127.67934023338542,124.05492758396248,125.53137766034044,0.011831316607609443,-0.047113883406031995,0.06380530170083183,0.028797534431038864,0.00028484955333755264,0.08761008516106307,0.01696621782342949,0.00020485765314470295,0.04714877364039889,-0.011831316607609374,-0.06350797269126553,0.031133250490606723,0.7426
C,0.75,2,M2,gauss_1node_2moments_lower,147.4173460976317,142.6107924627414,145.0094488574536,0.016679716245840193,-0.03389915172057976,0.061198002794795224,0.03314846469091737,0.0005421163889509584,0.0830648013778028,0.0164687484450772,0.00023386254935754046,0.0417476162233697,-0.01667971624584017,-0.06107956973491109,0.02473317928480159,0.82045
C,0.9,2,M2,gauss_1node_2moments_lower,162.2394107876611,156.7075215508377,159.8774715040268,0.020026570860719843,-0.02655658042212709,0.062043817218982646,0.03469194076707355,0.0007378664599509792,0.0807701410074578,0.014665369906353778,0.0001867614182953276,0.036796321767395175,-0.02002657086071977,-0.061711950992498515,0.020289616820138103,0.8696
C,0.95,2,M2,gauss_1node_2moments_lower,167.6060869624303,161.7513100801564,165.2962890454445,0.021679521997304177,-0.024358579067023337,0.06305458932184728,0.035556473018224184,0.0007185195726458332,0.0811065457473031,0.01387695102092007,0.0001791685414657718,0.03486715687053664,-0.021679521997304115,-0.06296342139345783,0.018808826720314278,0.88705
C,0.5,3,M3,zero_radau_2node_3moments_upper,127.7103192965098,124.05492758396248,125.53137766034044,0.011831316607609443,-0.047113883406031995,0.06380530170083183,0.029040136761402314,0.0003166548073195504,0.08785268749142638,0.017208820153792784,0.00016797885207899164,0.04739137597076209,-0.01183131660760953,-0.06350797269126573,0.031133250490606612,0.742
C,0.75,3,M3,zero_radau_2node_3moments_upper,147.7227977264725,142.6107924627414,145.0094488574536,0.016679716245840193,-0.03389915172057976,0.061198002794795224,0.03521834060775562,0.000539904043734652,0.085134677294641,0.018538624361915505,0.0003016637341480414,0.04381749214020785,-0.016679716245840113,-0.06116040277604324,0.02589148687287865,0.81795
C,0.9,3,M3,zero_radau_2node_3moments_upper,163.06038345163975,156.7075215508377,159.8774715040268,0.020026570860719843,-0.02655658042212709,0.062043817218982646,0.03973943493413629,0.0012979238740708928,0.08581763517452058,0.019712864073416637,0.0005569578570753227,0.04184381593445794,-0.020026570860719656,-0.061942955398725935,0.02235451909522195,0.869
C,0.95,3,M3,zero_radau_2node_3moments_upper,168.69981781642096,161.7513100801564,165.2962890454445,0.021679521997304177,-0.024358579067023337,0.06305458932184728,0.042060876863116395,0.0015631806530595085,0.0876109495921953,0.020381354865812263,0.0007512359693707542,0.041371560715428954,-0.021679521997304132,-0.06305458932184732,0.02096491428715626,0.8864
C,0.5,4,M4,gauss_2node_4moments_lower,127.709277550726,124.05492758396248,125.53137766034044,0.011831316607609443,-0.047113883406031995,0.06380530170083183,0.02903197962861631,0.00031473733413362706,0.08784453035864047,0.017200663021006996,0.00016848443672645586,0.047383218837976304,-0.011831316607609315,-0.06350797269126568,0.031133250490606595,0.742
C,0.75,4,M4,gauss_2node_4moments_lower,147.70228973410545,142.6107924627414,145.0094488574536,0.016679716245840193,-0.03389915172057976,0.061198002794795224,0.0350795034319675,0.0005305966718471888,0.08499584011885283,0.018399787186127423,0.000324012510962976,0.043678654964419826,-0.016679716245840078,-0.061079569734911084,0.025804905657901882,0.81815
C,0.9,4,M4,gauss_2node_4moments_lower,162.9873035277629,156.7075215508377,159.8774715040268,0.020026570860719843,-0.02655658042212709,0.062043817218982646,0.03929115740898234,0.0012601674797244986,0.08536935764936669,0.019264586548262585,0.0004626482892531191,0.0413955384093038,-0.020026570860719756,-0.06182834601242048,0.022200359315403463,0.86905
C,0.95,4,M4,gauss_2node_4moments_lower,168.59439933543382,161.7513100801564,165.2962890454445,0.021679521997304177,-0.024358579067023337,0.06305458932184728,0.04143579360310791,0.0016435376020606002,0.0869858663321867,0.01975627160580362,0.0006265405393040619,0.04074647745542032,-0.021679521997304288,-0.06305458932184713,0.02074566501883588,0.88675
C,0.5,5,M5,zero_radau_3node_5moments_upper,127.70934630055652,124.05492758396248,125.53137766034044,0.011831316607609443,-0.047113883406031995,0.06380530170083183,0.029032517959216294,0.0003141990035335924,0.0878450686892405,0.017201201351606955,0.00016831520503559147,0.04738375716857624,-0.01183131660760934,-0.06350797269126557,0.031133250490606564,0.742
C,0.75,5,M5,zero_radau_3node_5moments_upper,147.70501829091916,142.6107924627414,145.0094488574536,0.016679716245840193,-0.03389915172057976,0.061198002794795224,0.03509797661620961,0.0005248199245056784,0.08501431330309486,0.01841826037036941,0.00032373847714478116,0.04369712814866186,-0.016679716245840196,-0.06107956973491109,0.025819110983905477,0.81815
C,0.9,5,M5,zero_radau_3node_5moments_upper,163.00027543969918,156.7075215508377,159.8774715040268,0.020026570860719843,-0.02655658042212709,0.062043817218982646,0.0393707427231481,0.0013020876387890305,0.08544894296353235,0.01934417186242831,0.0005028069252945105,0.04147512372346975,-0.020026570860719788,-0.061828346012420404,0.022200359315403703,0.86905
C,0.95,5,M5,zero_radau_3node_5moments_upper,168.61470064864398,161.7513100801564,165.2962890454445,0.021679521997304177,-0.024358579067023337,0.06305458932184728,0.041556201464198445,0.0016098792864057425,0.0871062741932773,0.01987667946689422,0.0006594107765162067,0.04086688531651098,-0.021679521997304226,-0.06305458932184728,0.020855353025728888,0.8867
A,0.5,0,M0,ntk_0moments_lower,60.0,78.47645163312902,79.53032956458432,0.013339852273395465,-0.030826515943817762,0.053520070665258365,0.26845403836769427,0.2226633110348169,0.31429787842265833,0.28179389064108973,0.2515707293287169,0.3128016966680136,0.013339852273395458,-0.030826515943817634,0.053520070665258226,0.20675
A,0.75,0,M0,ntk_0moments_lower,60.0,101.56330785018189,103.23601372436885,0.016335435659300325,-0.021485404536987277,0.04985639826935668,0.5263377644874969,0.48947203446246573,0.5631259676255715,0.542673200146797,0.5197154072699366,0.568004521595449,0.016335435659300068,-0.02148540453698728,0.04985639826935653,0.12915
A,0.9,0,M0,ntk_0moments_lower,60.0,118.88471115262467,120.97609675326099,0.017438768923376376,-0.01866707877162827,0.05024553705245067,0.683809647442477,0.6496497608639324,0.717029891642096,0.7012484163658533,0.6806242833296128,0.7242800154472602,0.01743876892337637,-0.01866707877162826,0.050245537052450745,0.1077
A,0.95,0,M0,ntk_0moments_lower,60.0,125.20029100270101,127.42771093043348,0.01763444774779722,-0.018609699318327344,0.05115182613557716,0.73557022074392,0.7014159692489084,0.7681624686360822,0.7532046684917171,0.7329181348428221,0.7755536882301193,0.0176344477477971,-0.018609699318327375,0.051151826135577325,0.10915
A,0.5,1,M1,zero_radau_1node_1moments_upper,82.29333333333334,78.47645163312902,79.53032956458432,0.013339852273395465,-0.030826515943817762,0.053520070665258365,0.047491499356946146,0.0039038855775115665,0.09328222668982346,0.03415164708355065,0.004072195179833009,0.06437480839592363,-0.013339852273395493,-0.05352007066525827,0.030374539389234057,0.79325
A,0.75,1,M1,zero_radau_1node_1moments_upper,110.16,101.56330785018189,103.23601372436885,0.016335435659300325,-0.021485404536987277,0.04985639826935668,0.08125152771080195,0.04446332457272711,0.11811725773583286,0.06491609205150156,0.03958477060284983,0.08787388492836191,-0.016335435659300387,-0.04985639826935649,0.021485404536987558,0.87085
A,0.9,1,M1,zero_radau_1node_1moments_upper,132.2304,118.88471115262467,120.97609675326099,0.017438768923376376,-0.01866707877162827,0.05024553705245067,0.10639164593171958,0.07317140173210049,0.14055153251026398,0.08895287700834313,0.0659212779269362,0.10957701004458378,-0.017438768923376452,-0.05024553705245059,0.018667078771628296,0.8923
A,0.95,1,M1,zero_radau_1node_1moments_upper,140.47893333333332,125.20029100270101,127.42771093043348,0.01763444774779722,-0.018609699318327344,0.05115182613557716,0.11514275387753192,0.08255050598536978,0.14929700537254365,0.09750830612973474,0.07515928639133261,0.11779483977862976,-0.017634447747797183,-0.05115182613557714,0.018609699318327382,0.89085
A,0.5,2,M2,gauss_1node_2moments_lower,80.9954125469491,78.47645163312902,79.53032956458432,0.013339852273395465,-0.030826515943817762,0.053520070665258365,0.03159391725595832,0.00051193845684523,0.07738464458883566,0.018254064982562823,0.00024855224114699314,0.048477226294935845,-0.0133398522733955,-0.05332631186986594,0.026901958466232733,0.79385
A,0.75,2,M2,gauss_1node_2moments_lower,104.03502227554831,101.56330785018189,103.23601372436885,0.016335435659300325,-0.021485404536987277,0.04985639826935668,0.024045268392831085,0.00033556632281842545,0.060910998417862065,0.007709832733530829,7.833905222656492e-05,0.030717897690483168,-0.016335435659300256,-0.04864896278397423,0.017692461102974993,0.84555
A,0.9,2,M2,gauss_1node_2moments_lower,120.17723702172705,118.88471115262467,120.97609675326099,0.017438768923376376,-0.01866707877162827,0.05024553705245067,0.010813418643481516,0.00010509449666211887,0.04499968536905035,0.006625350279894907,7.587099662722431e-05,0.029656949361301883,-0.004188068363586609,-0.041615808532395375,0.0246551193403522,0.6069
A,0.95,2,M2,gauss_1node_2moments_lower,125.79551235961006,125.20029100270101,127.42771093043348,0.01763444774779722,-0.018609699318327344,0.05115182613557716,0.004742887846939344,9.342816049440473e-05,0.038925635377645075,0.012891559900857864,0.00020961264554374243,0.03524057963926012,0.008148672053918522,-0.033016314341522565,0.029101571328245524,0.38395
A,0.5,3,M3,zero_radau_2node_3moments_upper,81.20029219407976,78.47645163312902,79.53032956458432,0.013339852273395465,-0.030826515943817762,0.053520070665258365,0.034120245020621144,0.0006646390089442208,0.07991097235349838,0.020780392747225478,0.0003210454554026645,0.05100355405959862,-0.013339852273395666,-0.05334913978762244,0.02794361599481172,0.7952
A,0.75,3,M3,zero_radau_2node_3moments_upper,105.76344117214964,101.56330785018189,103.23601372436885,0.016335435659300325,-0.021485404536987277,0.04985639826935668,0.04052258642259094,0.004342768015323922,0.07738831644762202,0.024187150763290734,0.0013918983415288557,0.047144943640150955,-0.016335435659300207,-0.04985639826935648,0.021293530843467523,0.8707
A,0.9,3,M3,zero_radau_2node_3moments_upper,124.38962984109529,118.88471115262467,120.97609675326099,0.017438768923376376,-0.01866707877162827,0.05024553705245067,0.04526460575975989,0.01209372930125092,0.07942449233830454,0.027825836836383466,0.004886863128289402,0.04844996987262416,-0.017438768923376428,-0.050245537052450495,0.018667078771628428,0.89235
A,0.95,3,M3,zero_radau_2node_3moments_upper,131.22895341419596,125.20029100270101,127.42771093043348,0.01763444774779722,-0.018609699318327344,0.05115182613557716,0.04702875070802522,0.014436502815862973,0.0811830022030368,0.029394302960228078,0.00704528322182582,0.049680836609123,-0.017634447747797145,-0.05115182613557709,0.018609699318327358,0.8909
M,0.5,0,M0,ntk_0moments_lower,195.0,220.12213061803934,223.10023593268784,0.013438627465298525,-0.04517075550640841,0.06448476602030154,0.12118297292877396,0.06376589825237473,0.18211762031794987,0.1346216003940726,0.10428854400376582,0.16511599226332765,0.013438627465298628,-0.04517075550640858,0.06448476602030155,0.25635
M,0.75,0,M0,ntk_0moments_lower,195.0,255.43930381608305,260.0858772344993,0.018027050562722108,-0.03212471343797595,0.06157704570146981,0.26998526440876147,0.22247083574943918,0.3226177146904385,0.2880123149714835,0.26303536074566547,0.31440023107102655,0.018027050562722025,-0.03212471343797589,0.06157704570146973,0.16155
M,0.9,0,M0,ntk_0moments_lower,195.0,282.29165783924765,288.24474191741297,0.020869133456739044,-0.024998125558027565,0.06098383938687557,0.3699412255656469,0.3268477690121775,0.4180940737628223,0.39081035902238603,0.3687802394961675,0.4148592133560825,0.02086913345673913,-0.02499812555802743,0.06098383938687558,0.1123
M,0.95,0,M0,ntk_0moments_lower,195.0,291.9538478493785,298.4989022963961,0.02217052096100986,-0.022848601813121285,0.06202214261284578,0.40359617590213054,0.361443293439447,0.45034280946704197,0.42576669686314045,0.4047919234765014,0.44907723238752256,0.02217052096100991,-0.02284860181312122,0.06202214261284576,0.09585
M,0.5,1,M1,zero_radau_1node_1moments_upper,227.69270216962525,220.12213061803934,223.10023593268784,0.013438627465298525,-0.04517075550640841,0.06448476602030154,0.03381439086428033,0.0004956090166486634,0.09123146554067951,0.0203757633989817,0.00032638123535930864,0.0507088197892885,-0.013438627465298628,-0.06448450856525643,0.030639612907445567,0.7649
M,0.75,1,M1,zero_radau_1node_1moments_upper,268.5585798816568,255.43930381608305,260.0858772344993,0.018027050562722108,-0.03212471343797595,0.06157704570146981,0.050084241785591156,0.0036048049798159607,0.09759867044491331,0.03205719122286899,0.00569196718617352,0.05703414544868714,-0.018027050562722163,-0.061577045701469796,0.02982562700430297,0.8393
M,0.9,1,M1,zero_radau_1node_1moments_upper,300.9243550295858,282.29165783924765,288.24474191741297,0.020869133456739044,-0.024998125558027565,0.06098383938687557,0.06391813684121368,0.01576528864403837,0.1070115933946833,0.04304900338447448,0.019000149050778105,0.06507912291069315,-0.0208691334567392,-0.06098383938687545,0.024855642327457506,0.8877
M,0.95,1,M1,zero_radau_1node_1moments_upper,313.02065483234713,291.9538478493785,298.4989022963961,0.02217052096100986,-0.022848601813121285,0.06202214261284578,0.0696734437767428,0.0229268102118315,0.11182632623942647,0.04750292281573304,0.024192387291350845,0.06847769620237189,-0.022170520961009757,-0.062022142612845846,0.022848601813121573,0.90415
M,0.5,2,M2,gauss_1node_2moments_lower,226.80110385039586,220.12213061803934,223.10023593268784,0.013438627465298525,-0.04517075550640841,0.06448476602030154,0.02989090741446958,0.0003559238789643417,0.08730798209086889,0.016452279949171075,0.0002084951360528204,0.04678533633947771,-0.013438627465298506,-0.06435972294005012,0.028631423630460777,0.77085
M,0.75,2,M2,gauss_1node_2moments_lower,264.19366386903476,255.43930381608305,260.0858772344993,0.018027050562722108,-0.03212471343797595,0.06157704570146981,0.0336975865004857,0.0005645897698006488,0.08121201515980792,0.015670535937763665,0.00021094597228388142,0.040647490163581816,-0.01802705056272204,-0.061577045701469726,0.022581468598698393,0.8466
M,0.9,2,M2,gauss_1node_2moments_lower,292.10356971765805,282.29165783924765,288.24474191741297,0.020869133456739044,-0.024998125558027565,0.06098383938687557,0.03416764606486881,0.0006391952034500619,0.0772611026183384,0.013298512608129752,0.0001527602221849582,0.035328632134348226,-0.020869133456739054,-0.06076848781769906,0.01793637733891897,0.8893
M,0.95,2,M2,gauss_1node_2moments_lower,302.1733679404027,291.9538478493785,298.4989022963961,0.02217052096100986,-0.022848601813121285,0.06202214261284578,0.034405184223948074,0.0005776121431624114,0.0765580666866319,0.012234663262938279,0.00013956673307032792,0.0332094366495771,-0.022170520961009795,-0.061832414574989725,0.016327571919037255,0.9047
M,0.5,3,M3,zero_radau_2node_3moments_upper,226.87239848268072,220.12213061803934,223.10023593268784,0.013438627465298525,-0.04517075550640841,0.06448476602030154,0.03020520671784583,0.00037448717816643767,0.087622281394245,0.01676657925254729,0.00017839279283952996,0.0470996356428539,-0.013438627465298541,-0.06435966690729303,0.02885493256424108,0.7707
M,0.75,3,M3,zero_radau_2node_3moments_upper,264.88782687553106,255.43930381608305,260.0858772344993,0.018027050562722108,-0.03212471343797595,0.06157704570146981,0.036321618589859696,0.0007190545169510813,0.08383604724918195,0.01829456802713756,0.000270965007814055,0.0432715222529556,-0.018027050562722136,-0.06157704570146976,0.024198670346693974,0.8451
M,0.9,3,M3,zero_radau_2node_3moments_upper,293.95351972598553,282.29165783924765,288.24474191741297,0.020869133456739044,-0.024998125558027565,0.06098383938687557,0.04048087454065383,0.0014072019906454605,0.08357433109412339,0.019611741083914665,0.0005251895523457128,0.04164186061013327,-0.020869133456739162,-0.06098383938687556,0.0207145762676702,0.8901
M,0.95,3,M3,zero_radau_2node_3moments_upper,304.6307990376971,291.9538478493785,298.4989022963961,0.02217052096100986,-0.022848601813121285,0.06202214261284578,0.04250481394235942,0.0025233136794275603,0.08465769640504307,0.020334292981349672,0.0007181357009718348,0.04130906636798859,-0.02217052096100975,-0.06202214261284593,0.01982895046793475,0.90595
M,0.5,4,M4,gauss_2node_4moments_lower,226.8697750923549,220.12213061803934,223.10023593268784,0.013438627465298525,-0.04517075550640841,0.06448476602030154,0.03019364336544609,0.00036535375875956897,0.08761071804184528,0.016755015900147316,0.00018099073306228575,0.047088072290454204,-0.013438627465298773,-0.06435972294004996,0.028854932564241213,0.7707
M,0.75,4,M4,gauss_2node_4moments_lower,264.83726089787604,255.43930381608305,260.0858772344993,0.018027050562722108,-0.03212471343797595,0.06157704570146981,0.0361307045517077,0.0006882313230953287,0.08364513321103002,0.01810365398898571,0.00026174752457015164,0.04308060821480383,-0.01802705056272199,-0.06157704570146981,0.02408394615233126,0.84545
M,0.9,4,M4,gauss_2node_4moments_lower,293.7757387282528,282.29165783924765,288.24474191741297,0.020869133456739044,-0.024998125558027565,0.06098383938687557,0.03987589869302447,0.001362846607165002,0.08296935524649403,0.01900676523628532,0.0005129527653180606,0.041036884762503854,-0.02086913345673915,-0.060983839386875446,0.02060038118775317,0.89015
M,0.95,4,M4,gauss_2node_4moments_lower,304.3754908647018,291.9538478493785,298.4989022963961,0.02217052096100986,-0.022848601813121285,0.06202214261284578,0.04166637206684888,0.0020992255830978757,0.08381925452953247,0.019495851105839016,0.0005884213054505817,0.040470624492477916,-0.022170520961009865,-0.06202214261284582,0.01962328028990911,0.9059
V,0.5,0,M0,ntk_0moments_lower,36.75,53.051986801164844,53.621447688389516,0.010676815639276393,-0.03545884690352319,0.05059482975426211,0.3671340901827006,0.32193293835309517,0.41477017052888887,0.37781090582197707,0.3538415256490323,0.4037821894736413,0.010676815639276471,-0.035458846903523196,0.05059482975426211,0.2631
V,0.75,0,M0,ntk_0moments_lower,36.75,72.26878105934057,73.38041670862775,0.015264859017047444,-0.020700369829093603,0.047477671018694115,0.67625401301173,0.6410759155211223,0.7129910998770829,0.6915188720287776,0.6746375336635476,0.7115902143396973,0.01526485901704755,-0.020700369829093682,0.04747767101869431,0.13735
V,0.9,0,M0,ntk_0moments_lower,36.75,86.72183207878132,88.16827571976624,0.016541548755498407,-0.015794015636614905,0.047518587235908676,0.8585674381790426,0.8267224715984832,0.8910522984694066,0.875108986934541,0.8605158470853034,0.8924916133027652,0.016541548755498403,-0.015794015636614915,0.0475185872359088,0.1039
V,0.95,0,M0,ntk_0moments_lower,36.75,92.0606834083415,93.57723786077932,0.016339206789475137,-0.015203064026256135,0.046833587319573586,0.9183097362128141,0.8877474446168109,0.9491934552906729,0.9346489430022893,0.9204744086325815,0.9510861505237581,0.016339206789475202,-0.015203064026256062,0.04683358731957373,0.10345
V,0.5,1,M1,zero_radau_1node_1moments_upper,55.74597389976399,53.051986801164844,53.621447688389516,0.010676815639276393,-0.03545884690352319,0.05059482975426211,0.04953287484631339,0.003915845195545384,0.09473402667591896,0.038856059207036865,0.012884775555372822,0.06282543937998158,-0.010676815639276527,-0.05059482975426203,0.03458655670442226,0.737
V,0.75,1,M1,zero_radau_1node_1moments_upper,79.49094127446898,72.26878105934057,73.38041670862775,0.015264859017047444,-0.020700369829093603,0.047477671018694115,0.09525083026425064,0.05851374339889795,0.13042892775485848,0.07998597124720323,0.05991462893628351,0.09686730961243305,-0.01526485901704741,-0.04747767101869407,0.020700369829093727,0.86265
V,0.9,1,M1,zero_radau_1node_1moments_upper,98.29695543523533,86.72183207878132,88.16827571976624,0.016541548755498407,-0.015794015636614905,0.047518587235908676,0.12528739066096986,0.09280253037060583,0.15713235724152916,0.10874584190547133,0.09136321553724713,0.12333898175470902,-0.016541548755498528,-0.047518587235908696,0.015794015636614853,0.8961
V,0.95,1,M1,zero_radau_1node_1moments_upper,105.325465778148,92.0606834083415,93.57723786077932,0.016339206789475137,-0.015203064026256135,0.046833587319573586,0.13460726827795022,0.10372354920009152,0.16516955987395346,0.11826806148847499,0.10183085396700617,0.13244259585818297,-0.01633920678947523,-0.04683358731957353,0.015203064026256253,0.89655
V,0.5,2,M2,gauss_1node_2moments_lower,54.279118940331955,53.051986801164844,53.621447688389516,0.010676815639276393,-0.03545884690352319,0.05059482975426211,0.022867287238263288,0.00024830986677325267,0.06806843906786875,0.012190471598986806,0.0001391497880733426,0.03615985177193155,-0.010676815639276482,-0.050481324402282673,0.023358225831423468,0.7614
V,0.75,2,M2,gauss_1node_2moments_lower,72.71867476369525,72.26878105934057,73.38041670862775,0.015264859017047444,-0.020700369829093603,0.047477671018694115,0.006205987211019195,7.721533247939532e-05,0.041764848585935745,0.009058871806028252,9.706840171612959e-05,0.02913021411694788,0.0028528845950090576,-0.03753344793490861,0.02335598414807222,0.5263
V,0.9,2,M2,gauss_1node_2moments_lower,85.16921835639502,86.72183207878132,88.16827571976624,0.016541548755498407,-0.015794015636614905,0.047518587235908676,0.018065582179224753,0.0002698376100360171,0.05055044246958878,0.034607130934723146,0.020013991085485558,0.05198975730294739,0.016541548755498393,-0.01579401563661489,0.04003635544847641,0.10395
V,0.95,2,M2,gauss_1node_2moments_lower,89.4157460712897,92.0606834083415,93.57723786077932,0.016339206789475137,-0.015203064026256135,0.046833587319573586,0.02915116465001677,0.0013674892435874527,0.060034883727875576,0.04549037143949205,0.031315837069784164,0.06192757896096083,0.01633920678947528,-0.015203064026256118,0.044692838360859556,0.10345
V,0.5,3,M3,zero_radau_2node_3moments_upper,54.57737099157795,53.051986801164844,53.621447688389516,0.010676815639276393,-0.03545884690352319,0.05059482975426211,0.02834703029718221,0.0003535718759557967,0.07354818212678774,0.017670214657905685,0.00031899085714701776,0.041639594830850474,-0.010676815639276527,-0.05059482975426202,0.02629996059598948,0.75115
V,0.75,3,M3,zero_radau_2node_3moments_upper,75.04631576979952,72.26878105934057,73.38041670862775,0.015264859017047444,-0.020700369829093603,0.047477671018694115,0.03771322786148005,0.0024651984795423334,0.07289132535208782,0.02244836884443271,0.0027321403114478984,0.039329707209662564,-0.015264859017047338,-0.04747767101869406,0.019697379393397923,0.86295
V,0.9,3,M3,zero_radau_2node_3moments_upper,90.59729327225836,86.72183207878132,88.16827571976624,0.016541548755498407,-0.015794015636614905,0.047518587235908676,0.04371867318262386,0.011279465124139236,0.07556363976318345,0.02717712442712549,0.009794498058901382,0.04177026427636316,-0.01654154875549837,-0.04751858723590861,0.01571953980577846,0.89615
V,0.95,3,M3,zero_radau_2node_3moments_upper,96.32066639088558,92.0606834083415,93.57723786077932,0.016339206789475137,-0.015203064026256135,0.046833587319573586,0.04523493817494307,0.014351219097084282,0.07579722977094631,0.028895731385467867,0.012458523863998983,0.0430702657551758,-0.016339206789475202,-0.04683358731957346,0.015133712714628982,0.8966
V,0.5,4,M4,gauss_2node_4moments_lower,54.55019556940897,53.051986801164844,53.621447688389516,0.010676815639276393,-0.03545884690352319,0.05059482975426211,0.02784898157150966,0.00033816711481773177,0.07305013340111512,0.017172165932233113,0.0002841480663549454,0.041141546105177895,-0.010676815639276548,-0.05059427184555392,0.02600159333758838,0.7519
V,0.75,4,M4,gauss_2node_4moments_lower,74.68157358185253,72.26878105934057,73.38041670862775,0.015264859017047444,-0.020700369829093603,0.047477671018694115,0.032841150775231816,0.001239869624236289,0.06801924826583958,0.01757629175818426,0.0007165728545807611,0.03445763012341431,-0.015264859017047556,-0.047477671018693955,0.01821249401749572,0.86325
V,0.9,4,M4,gauss_2node_4moments_lower,89.54977706861638,86.72183207878132,88.16827571976624,0.016541548755498407,-0.015794015636614905,0.047518587235908676,0.0320889752030468,0.0016276608932884054,0.06393394178360637,0.015547426447548435,0.0006449821102276967,0.030140566296786055,-0.016541548755498365,-0.04751858723590866,0.014783883363463549,0.89615
V,0.95,4,M4,gauss_2node_4moments_lower,94.90842906977835,92.0606834083415,93.57723786077932,0.016339206789475137,-0.015203064026256135,0.046833587319573586,0.03046456034552086,0.0015672138279610153,0.06102685194152416,0.014125353556045741,0.0005524113314796584,0.028299887925753546,-0.01633920678947512,-0.046833587319573676,0.014033245941705678,0.89675
V,0.5,5,M5,zero_radau_3node_5moments_upper,54.55514576853894,53.051986801164844,53.621447688389516,0.010676815639276393,-0.03545884690352319,0.05059482975426211,0.02793972321756773,0.0003564746568876258,0.07314087504717337,0.01726290757829123,0.00029203123735756177,0.041232287751236135,-0.010676815639276502,-0.05059482975426183,0.026078438666280984,0.75165
V,0.75,5,M5,zero_radau_3node_5moments_upper,74.79734124167425,72.26878105934057,73.38041670862775,0.015264859017047444,-0.020700369829093603,0.047477671018694115,0.03439010078071787,0.0014233334746476195,0.06956819827132564,0.019125241763670336,0.0010163368242227689,0.036006580128900144,-0.015264859017047536,-0.047477671018694045,0.019097572207388152,0.86275
V,0.9,5,M5,zero_radau_3node_5moments_upper,89.95886042492512,86.72183207878132,88.16827571976624,0.016541548755498407,-0.015794015636614905,0.047518587235908676,0.03664679559768231,0.004616759087581647,0.06849176217824177,0.020105246842184066,0.0029256659400753037,0.034698386691421466,-0.016541548755498243,-0.047518587235908696,0.015494337857510674,0.8962
V,0.95,5,M5,zero_radau_3node_5moments_upper,95.49175326205334,92.0606834083415,93.57723786077932,0.016339206789475137,-0.015203064026256135,0.046833587319573586,0.03659192860943752,0.005742377948536076,0.0671542202054407,0.020252721819962353,0.0038738363921148847,0.03442725618967011,-0.016339206789475164,-0.04683358731957357,0.014881161220723211,0.89665
