filename,load_status,all_numeric_values_finite,f_mean_recompute_max_abs,grams_mean_recompute_max_abs,theta_mean_recompute_max_abs,f_sem_recompute_max_abs,grams_sem_recompute_max_abs,theta_sem_recompute_max_abs,gram_symmetry_max_abs,gram_min_eigenvalue,theta_symmetry_max_abs,theta_min_eigenvalue_recomputed,theta_min_stored_recompute_max_abs,loss_identity_max_abs,loss_dot_identity_max_abs,projected_energy_min,projected_energy_max,projected_energy_max_abs_from_one
exact_ensemble_n128_L32_S32_seed3000_dt0p02_T8p0.npz,valid,True,0.0,0.0,0.0,0.0,0.0,0.0,0.0,0.6434963236821494,0.0,2.0025176803474776,,,,,,
exact_ensemble_n128_L32_S64_seed5000_dt0p02_T8p0.npz,valid,True,0.0,0.0,0.0,0.0,0.0,0.0,0.0,0.587533588584666,0.0,1.945663980720706,,,,,,
exact_ensemble_n256_L32_S32_seed6000_dt0p02_T8p0.npz,valid,True,0.0,0.0,0.0,0.0,0.0,0.0,0.0,0.7282412505378119,0.0,2.0907187099476543,,,,,,
exact_ensemble_n256_L32_S32_seed8000_dt0p02_T8p0.npz,valid,True,0.0,0.0,0.0,0.0,0.0,0.0,0.0,0.748913401887494,0.0,2.22689900169001,,,,,,
exact_ensemble_n256_L32_S64_seed10000_dt0p02_T8p0.npz,valid,True,0.0,0.0,0.0,0.0,0.0,0.0,0.0,0.7282344374505524,0.0,2.0872191257387827,,,,,,
exact_ensemble_n256_L64_S16_seed7000_dt0p02_T8p0.npz,valid,True,0.0,0.0,0.0,0.0,0.0,0.0,0.0,0.7384046153105711,0.0,2.036047555195515,,,,,,
exact_ensemble_n256_L64_S48_seed12000_dt0p02_T8p0.npz,valid,True,0.0,0.0,0.0,0.0,0.0,0.0,0.0,0.7001361435337797,0.0,1.957540160657552,,,,,,
exact_ensemble_n512_L32_S16_seed14000_dt0p02_T8p0.npz,valid,True,0.0,0.0,0.0,0.0,0.0,0.0,0.0,0.8309152493310965,0.0,2.2916871410074897,,,,,,
exact_ensemble_n64_L16_S64_seed1000_dt0p02_T8p0.npz,valid,True,0.0,0.0,0.0,0.0,0.0,0.0,0.0,0.49528640704926663,0.0,1.7037646470366947,,,,,,
exact_ensemble_n64_L32_S64_seed4000_dt0p02_T8p0.npz,valid,True,0.0,0.0,0.0,0.0,0.0,0.0,0.0,0.5137830755391313,0.0,1.5311897756766195,,,,,,
exact_ensemble_n96_L32_S48_seed2000_dt0p02_T8p0.npz,valid,True,0.0,0.0,0.0,0.0,0.0,0.0,0.0,0.5249506083750504,0.0,1.7685580507759266,,,,,,
pde_GH_P5_N16_M81_R243_s20260723_dt0p02_T8.npz,valid,True,,,,,,,1.6653345369377348e-16,1.0000000000000004,0.0,2.7062420909383684,0.0,5.551115123125783e-17,4.440892098500626e-16,0.9999738947668908,1.0000000000000009,2.61052331091971e-05
pde_HYBRID_P15_N16_M81_R128_s20260723_dt0p02_T8.npz,valid,True,,,,,,,1.6653345369377348e-16,0.9915807937954887,0.0,2.6134826430123583,0.0,2.7755575615628914e-17,4.440892098500626e-16,0.9999946171052873,1.0000000000000024,5.382894712746555e-06
pde_HYBRID_P15_N16_M81_R256_s20260723_dt0p02_T8.npz,valid,True,,,,,,,1.6653345369377348e-16,0.9921869574323163,0.0,2.619036314518271,0.0,6.938893903907228e-18,4.440892098500626e-16,0.9999945046473068,1.000000000000004,5.495352693229982e-06
pde_HYBRID_P35_N16_M256_R128_s20260723_dt0p02_T8.npz,valid,True,,,,,,,2.220446049250313e-16,0.9907029482952372,0.0,2.5929219444089298,0.0,2.7755575615628914e-17,4.440892098500626e-16,0.9999999904393375,1.0000000000000056,9.560662483920623e-09
pde_HYBRID_P5_N16_M81_R128_s20260723_dt0p02_T8.npz,valid,True,,,,,,,1.6653345369377348e-16,0.9916986993097635,0.0,2.620888958800205,0.0,5.551115123125783e-17,5.551115123125783e-17,0.9999942611254277,1.000000000000002,5.73887457233635e-06
pde_P15_N16_M128_R32_s20260723_dt0p02_T1.npz,valid,True,,,,,,,0.0,0.9878416430237987,0.0,2.5712639539102837,0.0,1.3877787807814457e-17,1.1102230246251565e-16,0.9999947736216346,1.0000000000000004,5.226378365419393e-06
pde_P15_N16_M128_R32_s20260723_dt0p02_T8.npz,valid,True,,,,,,,0.0,0.9872176854011948,0.0,2.5712639539102837,0.0,1.3877787807814457e-17,1.1102230246251565e-16,0.999993556526054,1.0000000000000004,6.443473945960676e-06
pde_P35_N16_M64_R64_s20260723_dt0p02_T1.npz,valid,True,,,,,,,0.0,0.9914095719295775,0.0,2.5670280558621217,0.0,5.551115123125783e-17,2.220446049250313e-16,0.9999999968010914,1.0000000000000007,3.1989085824690733e-09
pde_P35_N16_M64_R64_s20260723_dt0p02_T8.npz,valid,True,,,,,,,0.0,0.9910067262035295,0.0,2.5670280558621217,0.0,5.551115123125783e-17,2.220446049250313e-16,0.9999999958613962,1.0000000000000007,4.13860379300246e-09
pde_P5_N16_M128_R32_s20260723_dt0p02_T8.npz,valid,True,,,,,,,0.0,0.9894390426987821,0.0,2.590003329759647,0.0,5.551115123125783e-17,4.440892098500626e-16,0.9999856458476479,1.0000000000000004,1.4354152352069605e-05
pde_P5_N8_M64_R16_s20260723_dt0p02_T1.npz,valid,True,,,,,,,0.0,0.9868249272872206,0.0,2.574411355135747,0.0,6.938893903907228e-18,4.440892098500626e-16,0.9999930651132677,1.0000000000000016,6.934886732312684e-06
pde_QMC_P15_N16_M128_R64_s20260723_dt0p02_T4.npz,valid,True,,,,,,,0.0,0.9898040573121497,0.0,2.58177011624673,0.0,2.7755575615628914e-17,2.220446049250313e-16,0.999990769888391,1.0000000000000016,9.230111609026537e-06
pde_QMC_P15_N16_M256_R128_s20260723_dt0p02_T8.npz,valid,True,,,,,,,0.0,0.9915205935913548,0.0,2.6132263545441434,0.0,5.551115123125783e-17,4.440892098500626e-16,0.9999702743210678,1.000000000000004,2.972567893222422e-05
pde_QMC_P5_N16_M128_R64_s20260723_dt0p02_T4.npz,valid,True,,,,,,,0.0,0.9911622139134993,0.0,2.615213010265532,0.0,5.551115123125783e-17,4.440892098500626e-16,0.9999790183686701,1.0000000000000007,2.0981631329908268e-05
pde_QMC_P5_N16_M128_R64_s20260724_dt0p02_T4.npz,valid,True,,,,,,,0.0,0.9913731570321883,0.0,2.613314448675771,0.0,5.551115123125783e-17,4.440892098500626e-16,0.9999439783667067,1.0000000000000013,5.602163329332388e-05
pde_QMC_P5_N16_M256_R128_s20260723_dt0p02_T8.npz,valid,True,,,,,,,0.0,0.9916976543914962,0.0,2.6208889588002076,0.0,1.3877787807814457e-17,2.220446049250313e-16,0.9999680532937119,1.0000000000000013,3.1946706288144e-05
pde_QMC_P5_N16_M256_R128_s20260723_dt0p1_T24_from8_to32.npz,valid,True,,,,,,,0.0,0.9916976548827595,0.0,3.298353534873414,0.0,0.0,9.183549615799121e-41,0.9999680532937115,0.9999999998995381,3.194670628847707e-05
pde_QMC_P5_N16_M256_R128_s20260725_dt0p02_T4.npz,valid,True,,,,,,,0.0,0.9923064074058399,0.0,2.6210987943451123,0.0,2.7755575615628914e-17,2.220446049250313e-16,0.9999691181457385,1.0000000000000022,3.088185426147749e-05
pde_QMC_P5_N16_M256_R128_s20260726_dt0p02_T4.npz,valid,True,,,,,,,0.0,0.9921764222480225,0.0,2.6183122078251846,0.0,5.551115123125783e-17,2.220446049250313e-16,0.9999617744180906,1.0000000000000004,3.8225581909356876e-05
pde_QMC_P5_N16_M256_R256_s20260723_dt0p02_T4.npz,valid,True,,,,,,,0.0,0.9919270260154573,0.0,2.621910957483963,0.0,1.734723475976807e-18,2.220446049250313e-16,0.9999687448154129,1.0000000000000024,3.125518458713117e-05
pde_QMC_P5_N16_M512_R128_s20260723_dt0p02_T4.npz,valid,True,,,,,,,0.0,0.9916084969408648,0.0,2.620888958800205,0.0,2.7755575615628914e-17,4.440892098500626e-16,0.9999584386184467,1.0000000000000033,4.156138155331224e-05
pde_QMC_P5_N16_M64_R32_s20260723_dt0p005_T4.npz,valid,True,,,,,,,0.0,0.989342954807203,0.0,2.5900033297596465,0.0,1.3877787807814457e-17,4.440892098500626e-16,0.9999861693637366,1.000000000000002,1.383063626336778e-05
pde_QMC_P5_N16_M64_R32_s20260723_dt0p005_T4_HEUN.npz,valid,True,,,,,,,0.0,0.9893430326552239,0.0,2.5900033297596465,0.0,2.7755575615628914e-17,1.1102230246251565e-16,0.9999861684660424,1.000000000000002,1.3831533957620046e-05
pde_QMC_P5_N16_M64_R32_s20260723_dt0p01_T4.npz,valid,True,,,,,,,0.0,0.9893429549493802,0.0,2.5900033297596465,0.0,1.3877787807814457e-17,1.1102230246251565e-16,0.9999861693631977,1.000000000000002,1.3830636802270035e-05
pde_QMC_P5_N16_M64_R32_s20260723_dt0p02_T4.npz,valid,True,,,,,,,0.0,0.9893429572718044,0.0,2.5900033297596465,0.0,2.7755575615628914e-17,2.220446049250313e-16,0.9999861693545415,1.000000000000002,1.3830645458456914e-05
pde_QMC_P5_N32_M128_R64_s20260724_dt0p02_T4.npz,valid,True,,,,,,,0.0,0.9913177669107445,0.0,2.613314216404352,0.0,5.551115123125783e-17,5.551115123125783e-17,0.9999398929288488,1.0000000000000018,6.010707115122749e-05
pde_QMC_P5_N4_M32_R16_s4321_dt0p02_T0p2.npz,valid,True,,,,,,,0.0,0.9989028339153809,0.0,2.612601474585741,0.0,5.551115123125783e-17,2.220446049250313e-16,0.9999998529267641,1.000000000000001,1.4707323592322297e-07
pde_QMC_P5_N4_M32_R16_s4321_dt0p02_T0p2_from0p2_to0p4.npz,valid,True,,,,,,,0.0,0.9974838248739828,0.0,2.8224763246122806,0.0,6.938893903907228e-18,2.220446049250313e-16,0.9999980367129827,0.9999999999999029,1.9632870172925365e-06
pde_QMC_P5_N8_M128_R64_s20260724_dt0p02_T4.npz,valid,True,,,,,,,0.0,0.9914841419416256,0.0,2.613314913568558,0.0,2.7755575615628914e-17,2.220446049250313e-16,0.9999516641023067,1.0000000000000009,4.833589769326352e-05
pde_QMC_P5_N8_M64_R16_s20260723_dt0p02_T1_from1_to2.npz,valid,True,,,,,,,0.0,0.9861094376611415,0.0,3.194298441544108,0.0,1.3552527156068805e-20,4.336808689942018e-19,0.9999919540396844,0.9999999999773085,8.045960315561373e-06
pde_QMC_P5_N8_M64_R16_s20260723_dt0p02_T2.npz,valid,True,,,,,,,0.0,0.9861094376611409,0.0,2.574411355135747,0.0,6.938893903907228e-18,4.440892098500626e-16,0.9999919540396847,1.0000000000000016,8.045960315339329e-06
exact_m2_L16_width_ensemble.npz,valid,True,,,,,,,,,,,,,,,,
exact_m2_L16_width_ensemble_large.npz,valid,True,,,,,,,,,,,,,,,,
operator_pde_m2_P4_L16.npz,valid,True,,,,,,,1.6653345369377348e-16,1.0,,,,5.551115123125783e-17,,,,
operator_pde_m2_P4_L16_GH3_base4.npz,valid,True,,,,,,,1.6653345369377348e-16,1.0000000000000007,,,,5.551115123125783e-17,,,,
operator_pde_m2_P4_L16_GH4.npz,valid,True,,,,,,,1.6653345369377348e-16,0.9875466970468741,,,,5.551115123125783e-17,,,,
operator_pde_m2_P4_L16_GH5.npz,valid,True,,,,,,,1.6653345369377348e-16,0.994741097019929,,,,5.551115123125783e-17,,,,
operator_pde_m2_deg1_L16_qmc256.npz,valid,True,,,,,,,1.6653345369377348e-16,0.9922034127832674,,,,5.551115123125783e-17,,,,
operator_pde_m2_deg1_L16_qmc256_white.npz,valid,True,,,,,,,1.3877787807814457e-16,0.9922563418826562,,,,5.551115123125783e-17,,,,
operator_pde_m2_deg1_L16_qmc512_white.npz,valid,True,,,,,,,1.6653345369377348e-16,0.9923486260926228,,,,5.551115123125783e-17,,,,
operator_pde_m2_deg2_L16_qmc256.npz,valid,True,,,,,,,2.220446049250313e-16,0.9926693181425661,,,,5.551115123125783e-17,,,,
operator_pde_m2_deg2_L16_qmc256_white.npz,valid,True,,,,,,,1.3877787807814457e-16,0.9923344662143601,,,,5.551115123125783e-17,,,,
operator_pde_m2_deg2_L16_qmc512_white.npz,valid,True,,,,,,,1.6653345369377348e-16,0.9926154876240083,,,,5.551115123125783e-17,,,,
operator_pde_m3_P5_N16_GH3_T1.npz,valid,True,,,,,,,1.3877787807814457e-16,1.0000000000000002,,,,5.551115123125783e-17,,,,
