category,isolated_axis,left,right,note,overlap_start,overlap_end,time_points_compared,output_max_l2,output_rms_l2,output_terminal_l2,output_max_abs_component,output_initial_l2,output_time_of_max_l2,output_initial_centered_max_l2,output_initial_centered_rms_l2,output_initial_centered_terminal_l2,loss_max_abs,loss_terminal_abs,depth_interpolated,depth_points_compared,gram_max_fro,gram_rms_fro,gram_terminal_max_fro,gram_max_abs_entry,gram_initial_max_fro,gram_time_of_max_fro,gram_depth_fraction_of_max_fro,gram_initial_centered_max_fro,gram_initial_centered_rms_fro,gram_initial_centered_terminal_max_fro,theta_max_fro,theta_rms_fro,theta_terminal_fro,theta_max_abs_entry,theta_initial_fro,theta_initial_centered_max_fro,theta_initial_centered_terminal_fro
time_step,dt,pde_QMC_P5_N16_M64_R32_s20260723_dt0p02_T4.npz,pde_QMC_P5_N16_M64_R32_s20260723_dt0p01_T4.npz,Same PDE/quadrature; RK4 dt 0.02 versus 0.01.,0.0,4.0,101,6.825755252539374e-08,2.686569865808609e-08,1.1932817872898171e-12,5.102326117167877e-08,0.0,0.52,6.825755252539374e-08,2.6865698658098665e-08,1.1932817872898171e-12,2.507546315033693e-08,4.687879554989433e-19,False,17,1.0896051639615654e-07,4.7779845727030225e-08,4.498570495059848e-08,5.984977180517603e-08,0.0,0.56,1.0,1.0896051639615654e-07,4.777984572703028e-08,4.498570495059848e-08,3.558843561001401e-07,2.0893520750168265e-07,1.63266798750123e-07,2.0558575597462436e-07,0.0,3.558843561001401e-07,1.63266798750123e-07
depth_grid,N,pde_QMC_P5_N8_M128_R64_s20260724_dt0p02_T4.npz,pde_QMC_P5_N16_M128_R64_s20260724_dt0p02_T4.npz,"Same P,M,R,QMC scramble; normalized-depth interpolation for Grams.",0.0,4.0,101,0.0004057630382002805,0.0001499244206507772,4.676639161658115e-09,0.0002938378013547238,3.8331108762724224e-17,0.56,0.0004057630382002805,0.00014992442065078795,4.676639240842048e-09,0.00010371703889920647,7.216038342357088e-16,True,257,0.0016762420191613339,0.0006682191597602356,0.001540108799021384,0.000898458280806036,1.447834521785225e-08,0.88,1.0,0.0016762421809076843,0.0006682194018571507,0.0015401089640377018,0.013076579261937315,0.012156495150980344,0.013010484766057406,0.008223714504850488,9.118431413030059e-07,0.013076314955251564,0.013010216942669782
depth_grid,N,pde_QMC_P5_N16_M128_R64_s20260724_dt0p02_T4.npz,pde_QMC_P5_N32_M128_R64_s20260724_dt0p02_T4.npz,"Same P,M,R,QMC scramble; normalized-depth interpolation for Grams.",0.0,4.0,101,0.000205069537552901,7.570850605518184e-05,2.304013235815187e-09,0.00014835741012442227,5.632511157154734e-17,0.56,0.0002050695375529276,7.570850605518211e-05,2.3040131672074027e-09,5.237402621360854e-05,3.5042175435846396e-16,True,257,0.000844940571191566,0.00034897802410696133,0.0007757545292364994,0.0004529304373281917,3.6195864180298238e-09,0.88,1.0,0.0008449406519934582,0.0003489781361176821,0.0007757546117087665,0.00662832957364572,0.006161765291899208,0.006594911489932156,0.004170676069986001,4.561463675956278e-07,0.006628196709207978,0.0065947768674097474
operator_basis,P,pde_QMC_P5_N16_M128_R64_s20260723_dt0p02_T4.npz,pde_QMC_P15_N16_M128_R64_s20260723_dt0p02_T4.npz,"Same N,M,R,QMC scramble; P=5 versus P=15.",0.0,4.0,101,0.0036813397197423825,0.001168116566307663,2.28909994175275e-08,0.0036429751129467003,2.473121955383221e-17,0.24,0.0036813397197423842,0.001168116566307667,2.2890999445266506e-08,0.001766884850028294,1.534401565056968e-16,False,17,0.007444635832808725,0.004373305545575315,0.006971832223277769,0.007042786297246639,8.352542700128468e-05,0.6,1.0,0.007432832996997149,0.004368855673433929,0.006960685712941587,0.04187629622202625,0.0301218069748112,0.030828699913691363,0.04160124194151438,0.04187629622202625,0.061188190003353196,0.061188190003353196
operator_basis,P,pde_P5_N16_M128_R32_s20260723_dt0p02_T8.npz,pde_P15_N16_M128_R32_s20260723_dt0p02_T8.npz,"Same N,M,R,QMC scramble under the earlier filename schema.",0.0,8.0,201,0.0030891325260398324,0.00089330354730478,4.813338248982946e-13,0.00290838015974193,7.977017023561672e-17,0.32,0.0030891325260398064,0.0008933035473047702,4.813438086773492e-13,0.0012150627379717283,3.354233348844875e-25,False,17,0.004643362146114436,0.0031594294140575834,0.003936288718208966,0.0039040019040996743,0.00016270251040026695,0.6,1.0,0.00476434846158742,0.003191210338532231,0.004047079388741715,0.0785619181297187,0.07662199519924344,0.07852125157273053,0.05095611136751632,0.04782967865801863,0.07320454353380534,0.07311534832562959
operator_basis_clean_hybrid,P,pde_HYBRID_P5_N16_M81_R128_s20260723_dt0p02_T8.npz,pde_HYBRID_P15_N16_M81_R128_s20260723_dt0p02_T8.npz,"Clean nested hybrid basis step at fixed N,M,R and seed.",0.0,8.0,201,0.0011237089124120675,0.0002906519750850241,1.525052069839301e-14,0.0008074870709126047,8.142533025472638e-18,0.4,0.0011237089124120675,0.0002906519750850242,1.525052069839301e-14,0.0004886576624124339,8.136231257763829e-27,False,17,0.002761220796577791,0.0014997567078871153,0.002426205145726144,0.0013193363393972923,5.152260330821709e-06,0.72,1.0,0.002757736494100319,0.0014983164871486606,0.0024226780904945053,0.020703676952026455,0.01975084176727051,0.01999676292865135,0.014409314024559361,0.009397501546870099,0.014938393696233508,0.014754116274396366
fast_quadrature_clean_hybrid,R,pde_HYBRID_P15_N16_M81_R128_s20260723_dt0p02_T8.npz,pde_HYBRID_P15_N16_M81_R256_s20260723_dt0p02_T8.npz,"Clean hybrid P15 fast-cubature refinement at fixed N,M,P and seed.",0.0,8.0,201,0.0006044917458310758,0.00014439992290478504,3.83830609808345e-15,0.0004839052732560911,8.732090621941035e-18,0.32,0.0006044917458310758,0.000144399922904785,3.83830609808345e-15,0.00026179396057329773,2.5642755725944964e-28,False,17,0.0009648097340811989,0.0006379444476167414,0.0008261857923011097,0.0006418264468985857,1.9716755544893853e-06,0.56,1.0,0.0009647454014264356,0.0006378838473650007,0.0008260386357029631,0.0076804006606647456,0.002412803396224531,0.0015868115887734994,0.006960954187419599,0.007611272241539951,0.0071083184120284745,0.007108318138331681
operator_basis_and_base_quadrature,P_and_M,pde_HYBRID_P15_N16_M81_R128_s20260723_dt0p02_T8.npz,pde_HYBRID_P35_N16_M256_R128_s20260723_dt0p02_T8.npz,"P15 to complete-cubic P35 stress test; base cubature changes, so not a one-axis P refinement.",0.0,8.0,201,0.003129141373249833,0.0008178065660939955,1.0995345269101139e-13,0.002722291539692112,1.8260663186848027e-17,0.4,0.003129141373249833,0.0008178065660939955,1.0995345269101139e-13,0.0013496142217868379,4.9506716392278055e-26,False,17,0.00614344407864755,0.0026902376851033047,0.004958196151260195,0.0033502976982100474,5.6973835833832e-06,0.64,1.0,0.006146169923138299,0.002691416788972805,0.004960866933711709,0.05703615868675554,0.05437203351979835,0.05484214770528574,0.054974276223230145,0.02620953928487373,0.0372002918632396,0.03674158757870677
base_quadrature,M,pde_QMC_P5_N16_M64_R32_s20260723_dt0p02_T4.npz,pde_P5_N16_M128_R32_s20260723_dt0p02_T8.npz,"Same P,N,R,QMC scramble; M=64 versus M=128.",0.0,4.0,101,5.792298765336165e-05,2.1342246841273207e-05,2.8782007937398778e-09,4.774411303931636e-05,8.62546767193458e-16,0.64,5.7922987653626064e-05,2.134224684140566e-05,2.8782007084390493e-09,1.1777273964591606e-05,1.160578056596985e-15,False,17,0.0009327128140924607,0.0004762280194652254,0.0009326550868428197,0.0005137505239445339,2.766618139197842e-15,2.32,1.0,0.0009327128140917913,0.0004762280194645847,0.00093265508684215,0.00259396076147063,0.002387184996194688,0.002589781674627008,0.0015826486131946815,3.64929949716507e-15,0.0025939607614701558,0.002589781674626539
base_quadrature,M,pde_QMC_P5_N16_M256_R128_s20260723_dt0p02_T8.npz,pde_QMC_P5_N16_M512_R128_s20260723_dt0p02_T4.npz,"Same P,N,R,QMC scramble; isolated M=256 versus M=512.",0.0,4.0,101,0.00015256030449137885,5.679400015615358e-05,6.619381422922057e-09,0.00013946569953426913,1.484753439783207e-15,0.64,0.00015256030449101017,5.67940001559508e-05,6.619381058725795e-09,3.202826863279301e-05,1.9959682000765174e-15,False,17,0.0007832182892096894,0.0003749939532072157,0.0007528494379505561,0.0006961690215392391,3.5855700116225256e-15,1.08,1.0,0.000783218289209613,0.0003749939532072297,0.0007528494379504713,0.0063229168529288105,0.0058422870395266335,0.006305917486082156,0.005131232066287961,4.913298919406981e-15,0.006322916852926,0.00630591748607935
fast_quadrature,R,pde_P5_N16_M128_R32_s20260723_dt0p02_T8.npz,pde_QMC_P5_N16_M128_R64_s20260723_dt0p02_T4.npz,"Same P,N,M,QMC scramble; R=32 versus R=64.",0.0,4.0,101,0.0062458680083116724,0.0023526554044613016,2.430217172578593e-07,0.006208990507944545,2.7551537742692336e-17,0.4,0.006245868008311671,0.0023526554044613003,2.430217172683648e-07,0.0021061367299949896,7.011748743718199e-14,False,17,0.010986050014823981,0.005434949463270569,0.00886202583229345,0.01060124689466968,4.12511793651007e-05,0.68,1.0,0.010969946164804019,0.005429039528574499,0.008846308336250943,0.09052031309005695,0.0851948630887681,0.08686141463900374,0.08535221531670034,0.034213977567307825,0.05827564862279548,0.056329279159040714
fast_quadrature,R,pde_QMC_P5_N16_M256_R128_s20260723_dt0p02_T8.npz,pde_QMC_P5_N16_M256_R256_s20260723_dt0p02_T4.npz,"Same P,N,M,QMC scramble; isolated R=128 versus R=256.",0.0,4.0,101,0.00011175609922917245,4.4497707902822784e-05,2.921446486239721e-09,0.00010579798252097206,3.516360330999865e-17,0.64,0.00011175609922912015,4.4497707902797136e-05,2.921446431933471e-09,2.4853908615951603e-05,3.9660924994840227e-16,False,17,0.0011603455013098605,0.0009422258731767882,0.0011505452653664814,0.0007353051643357866,4.80902866486757e-06,1.24,1.0,0.0011590849967951092,0.0009417980709717,0.001149299276592784,0.0063211383176348165,0.005836120913337154,0.006318633209577378,0.005560262713348418,0.0019802969286062456,0.007302648983655548,0.00729962678397516
fast_quadrature,R,pde_P15_N16_M128_R32_s20260723_dt0p02_T8.npz,pde_QMC_P15_N16_M128_R64_s20260723_dt0p02_T4.npz,"Same P,N,M,QMC scramble; R=32 versus R=64.",0.0,4.0,101,0.0036519353341407245,0.0013461010314839708,8.531265815887941e-08,0.0031718346227960215,7.867812460257446e-17,0.4,0.003651935334140721,0.001346101031483967,8.531265813828519e-08,0.0015246808982293802,1.998915697703809e-14,False,17,0.006057045952827715,0.003550806761649049,0.004989956705055058,0.004820508578837535,0.00013740037822943427,0.68,1.0,0.006125515932223824,0.003573416505110511,0.005059917558305786,0.0479816072895025,0.0440887805734347,0.043754890920758675,0.04607222210540263,0.03787181010149098,0.047203544205480404,0.047167353847778336
coupled_quadrature,M_and_R,pde_QMC_P5_N16_M64_R32_s20260723_dt0p02_T4.npz,pde_QMC_P5_N16_M128_R64_s20260723_dt0p02_T4.npz,QMC M/R doubled together.,0.0,4.0,101,0.006218456395375406,0.0023391607333951114,2.409648140094015e-07,0.006179942286502538,8.665422361056558e-16,0.4,0.0062184563953757025,0.002339160733395298,2.4096481464181465e-07,0.002101825077892139,6.895690938058501e-14,False,17,0.01066985726249524,0.005260749930010754,0.00849484332848593,0.010378412075086496,4.125117936522837e-05,0.68,1.0,0.01065412642034306,0.005255087980838677,0.008479686746349406,0.08913537172417209,0.08388468179118072,0.08544485781974687,0.0840131407421052,0.03421397756730842,0.057072521141758,0.055274701415478515
coupled_quadrature,M_and_R,pde_QMC_P5_N16_M128_R64_s20260723_dt0p02_T4.npz,pde_QMC_P5_N16_M256_R128_s20260723_dt0p02_T8.npz,QMC M/R doubled together.,0.0,4.0,101,0.0035861685282362397,0.0013418084072347252,1.2073014273379582e-07,0.003490104542245187,1.3625491663567784e-15,0.48,0.0035861685282373716,0.0013418084072353534,1.2073014401719513e-07,0.000854342173905065,1.755471729136403e-14,False,17,0.0063823525090497156,0.00363362667394884,0.005341372837781372,0.00387672531243366,1.301130092038941e-05,0.72,1.0,0.006381449231762723,0.0036319701051311434,0.005338021897151518,0.10119359271387608,0.09623390725401954,0.10082933185993408,0.0990621162221843,0.009242374622287693,0.09507446140521242,0.09474267286404044
quadrature_method,method_M_R,pde_GH_P5_N16_M81_R243_s20260723_dt0p02_T8.npz,pde_QMC_P5_N16_M256_R128_s20260723_dt0p02_T8.npz,Independent tensor Gauss-Hermite versus scrambled-QMC cubature; resolutions differ.,0.0,8.0,201,0.010310209347280306,0.0023057201869593406,3.392964944353613e-13,0.007391300201326334,7.159948168084688e-16,0.28,0.010310209347280632,0.0023057201869594495,3.389102899938102e-13,0.005898559211304472,2.232099449581627e-25,False,17,0.01935982843528039,0.01242435906734847,0.01756989207318465,0.014314768810448797,4.818893710544477e-06,0.52,1.0,0.019363802231414404,0.012425964036147721,0.01757399047140703,0.14583467373089254,0.0952955418127765,0.09346511288266611,0.09083212562044629,0.14583467373089254,0.1825960513697002,0.18259483885293082
implementation_crosscheck,implementation_and_cubature,operator_pde_m3_P5_N16_GH3_T1.npz,pde_GH_P5_N16_M81_R243_s20260723_dt0p02_T8.npz,"Independent prototype/new implementation; same nominal P,N and GH3 fast rule, but old archive has no metadata.",0.0,1.0,26,3.152427400121712e-16,1.6312381298636332e-16,1.1102230246251565e-16,2.7755575615628914e-16,7.057012084858426e-18,0.28,3.152427400121712e-16,1.6316902164760865e-16,1.1102230246251565e-16,1.3877787807814457e-16,2.7647155398380363e-18,False,17,1.1224719905717602e-15,5.731668611759966e-16,8.406091223604921e-16,8.881784197001252e-16,6.662004447012875e-16,0.6,0.9375,8.475682092058662e-16,4.281281331743233e-16,6.721779265590663e-16,,,,,,,
m2_qmc_moment_matching,whitening,operator_pde_m2_deg1_L16_qmc256.npz,operator_pde_m2_deg1_L16_qmc256_white.npz,Same degree-one/QMC-256 pilot; moment matching toggled.,0.0,4.0,101,0.0002954796058268986,0.00011241359349192299,1.178643892336688e-08,0.00029546415657111247,5.551792708129603e-17,0.4,0.0002954796058268986,0.00011241359349193017,1.178643892336688e-08,0.00010071369169589728,4.2359373671225325e-15,False,17,0.0005427630836639117,0.00023022561308070973,0.0004358149194744362,0.0004606101584707645,4.3979922269236274e-08,0.68,1.0,0.0005427900096151413,0.00023023524851569413,0.0004358390682959903,,,,,,,
m2_qmc_moment_matching,whitening,operator_pde_m2_deg2_L16_qmc256.npz,operator_pde_m2_deg2_L16_qmc256_white.npz,Same degree-two/QMC-256 pilot; moment matching toggled.,0.0,4.0,101,0.00029261186720714607,0.00010954634111641978,1.4993917498680376e-08,0.00028619392818440836,8.182674270850422e-18,0.56,0.00029261186720714607,0.00010954634111641978,1.4993917498680376e-08,6.492288866874474e-05,5.198778407602535e-15,False,17,0.0006816110127614444,0.0004277841820071753,0.0006050290079797155,0.00044275149932110347,5.627530799314375e-07,0.88,1.0,0.0006815412037163048,0.00042776456044416207,0.0006049649812451863,,,,,,,
m2_fast_quadrature,R,operator_pde_m2_deg1_L16_qmc256_white.npz,operator_pde_m2_deg1_L16_qmc512_white.npz,Moment-matched QMC-256 versus QMC-512.,0.0,4.0,101,0.00034158864263532065,0.00012723095372356013,1.2056933767544863e-08,0.0003389952385084438,4.5534426050565124e-17,0.4,0.00034158864263532065,0.0001272309537235671,1.2056933767544863e-08,0.00010306350689488764,4.305644703010837e-15,False,17,0.0005304326082942292,0.00022574305902567127,0.0003973670006534845,0.0005204741389577272,2.8619847733770287e-07,0.64,1.0,0.0005301520689729922,0.00022562994813316655,0.00039708267084300836,,,,,,,
m2_fast_quadrature,R,operator_pde_m2_deg2_L16_qmc256_white.npz,operator_pde_m2_deg2_L16_qmc512_white.npz,Moment-matched QMC-256 versus QMC-512.,0.0,4.0,101,0.0005426727707536194,0.00020534620257706943,1.917107973478412e-08,0.0004317338413321048,2.8609792490763984e-17,0.6,0.0005426727707536531,0.00020534620257707992,1.917107973478412e-08,0.00013028614013099737,6.810454357503487e-15,False,17,0.0009453883275212138,0.00046354411498259016,0.0007055687370692407,0.0005930479029975233,8.383995958473933e-07,0.8,1.0,0.000945222599676307,0.0004634010051029026,0.0007052754929212536,,,,,,,
m2_operator_basis,P,operator_pde_m2_deg1_L16_qmc512_white.npz,operator_pde_m2_deg2_L16_qmc512_white.npz,Same QMC-512 label; degree one (P=4) versus degree two (P=10).,0.0,4.0,101,5.690825649857153e-05,2.3635862624364585e-05,7.587980356555323e-09,5.168428677976289e-05,2.6020852139652106e-17,0.64,5.690825649862145e-05,2.363586262437847e-05,7.587980356555323e-09,6.3136453784529145e-06,2.486841654651966e-15,False,17,0.00041907801844778846,0.00035470836830226983,0.00041821106169346244,0.0002953779376003718,3.123709700034971e-07,1.52,1.0,0.0004189188899038296,0.0003546570725283721,0.0004180562632760754,,,,,,,
m2_tensor_cubature,base_order_inferred,operator_pde_m2_P4_L16.npz,operator_pde_m2_P4_L16_GH3_base4.npz,Archive lacks metadata; current code/filename suggest base GH5 versus GH4 with fast GH3.,0.0,4.0,101,0.00017093009464500336,6.627051284945728e-05,2.2574650055312548e-08,0.0001688764681458954,4.358994931595294e-19,0.76,0.00017093009464500336,6.627051284945728e-05,2.2574650055312548e-08,2.1437797942790854e-05,9.843031420586823e-15,False,17,0.00023563316259088359,9.537533569678664e-05,0.0001506454340150501,0.00020691097084779564,8.0117362985419e-16,0.84,1.0,0.0002356331625902456,9.537533569690333e-05,0.0001506454340156443,,,,,,,
m2_tensor_cubature,fast_GH_order,operator_pde_m2_P4_L16_GH3_base4.npz,operator_pde_m2_P4_L16_GH4.npz,Filename-only method comparison; exact base order not serialized.,0.0,4.0,101,0.013189556127845217,0.00412259105623362,1.1256443259064515e-07,0.010281945023943806,0.0,0.24,0.013189556127845217,0.00412259105623362,1.1256443259064515e-07,0.007398910864059582,3.980197789720075e-14,False,17,0.026471587805359957,0.017441686715705288,0.025098301912095618,0.021237288773619634,0.0,0.56,1.0,0.026471587805359957,0.017441686715705288,0.025098301912095618,,,,,,,
m2_tensor_cubature,fast_GH_order,operator_pde_m2_P4_L16_GH4.npz,operator_pde_m2_P4_L16_GH5.npz,Filename-only method comparison; exact base order not serialized.,0.0,4.0,101,0.0056565675850281105,0.0015767776842003807,8.569523428373467e-08,0.004336780447787569,0.0,0.2,0.0056565675850281105,0.0015767776842003807,8.569523428373467e-08,0.0034240285060158637,3.085591426027545e-14,False,17,0.010776127915084286,0.00863079534069653,0.010776127915084286,0.008767551324148304,0.0,4.0,1.0,0.010776127915084286,0.00863079534069653,0.010776127915084286,,,,,,,
